datetime,total_demand_kwh,hp_load_kwh,simulated_demand_kwh,simulated_stress_event
2013-01-18 19:00:00,464.916,40.0,504.916,1
2013-02-05 19:00:00,458.238,40.0,498.238,1
2013-02-05 19:30:00,457.803,40.0,497.803,1
2013-01-18 18:30:00,457.741,40.0,497.741,1
2013-01-17 19:30:00,454.107,40.0,494.107,1
2013-01-18 19:30:00,452.529,40.0,492.529,1
2013-02-05 20:00:00,446.926,40.0,486.926,1
2013-01-13 18:00:00,445.909,40.0,485.909,1
2013-02-05 18:30:00,445.888,40.0,485.888,1
2013-01-17 19:00:00,445.821,40.0,485.821,1
2013-01-21 19:00:00,443.979,40.0,483.979,1
2013-01-21 19:30:00,443.365,40.0,483.365,1
2013-01-22 19:00:00,442.193,40.0,482.193,1
2013-01-13 18:30:00,440.197,40.0,480.197,1
2013-02-05 18:00:00,438.898,40.0,478.898,1
2013-01-23 18:30:00,438.815,40.0,478.815,1
2013-01-23 19:00:00,438.405,40.0,478.405,1
2013-01-15 19:00:00,438.314,40.0,478.314,1
2013-01-22 18:30:00,438.194,40.0,478.194,1
2013-01-13 19:00:00,435.428,40.0,475.428,1
2013-01-24 19:00:00,434.842,40.0,474.842,1
2013-01-20 18:30:00,434.653,40.0,474.653,1
2013-01-22 19:30:00,432.699,40.0,472.699,1
2013-01-16 18:30:00,432.44,40.0,472.44,1
2013-01-14 19:00:00,431.883,40.0,471.883,1
2013-01-21 18:30:00,431.597,40.0,471.597,1
2013-01-24 18:30:00,431.04,40.0,471.04,1
2013-01-25 19:30:00,430.488,40.0,470.488,1
2013-02-10 18:30:00,430.057,40.0,470.057,1
2013-02-09 19:00:00,429.418,40.0,469.418,1
2013-01-21 20:00:00,429.403,40.0,469.403,1
2013-01-23 19:30:00,429.381,40.0,469.381,1
2013-01-16 19:30:00,429.114,40.0,469.114,1
2013-01-20 19:00:00,429.073,40.0,469.073,1
2013-01-25 19:00:00,428.795,40.0,468.795,1
2013-02-07 19:00:00,428.108,40.0,468.108,1
2013-02-05 20:30:00,428.095,40.0,468.095,1
2013-01-28 19:30:00,428.06,40.0,468.06,1
2013-02-12 19:00:00,427.792,40.0,467.792,1
2013-01-16 19:00:00,427.706,40.0,467.706,1
2013-01-15 19:30:00,427.621,40.0,467.621,1
2013-01-18 18:00:00,427.579,40.0,467.579,1
2013-01-13 19:30:00,427.445,40.0,467.445,1
2013-01-14 19:30:00,427.12,40.0,467.12,1
2013-02-07 19:30:00,427.036,40.0,467.036,1
2013-02-10 19:00:00,426.632,40.0,466.632,1
2013-01-17 20:00:00,426.614,40.0,466.614,1
2013-01-17 18:30:00,426.489,40.0,466.489,1
2013-01-21 18:00:00,426.381,40.0,466.381,1
2013-01-14 20:00:00,425.487,40.0,465.487,1
2013-01-15 18:30:00,424.398,40.0,464.398,1
2013-01-12 18:30:00,424.311,40.0,464.311,1
2013-12-01 19:00:00,424.263,40.0,464.263,1
2013-02-09 18:30:00,423.784,40.0,463.784,1
2013-02-03 19:30:00,422.431,40.0,462.431,1
2013-02-10 19:30:00,421.111,40.0,461.111,1
2013-01-10 19:00:00,420.972,40.0,460.972,1
2013-02-07 18:30:00,420.964,40.0,460.964,1
2013-02-24 19:30:00,420.455,40.0,460.455,1
2013-01-28 19:00:00,419.958,40.0,459.958,1
2013-01-17 20:30:00,419.619,40.0,459.619,1
2013-01-18 20:00:00,419.576,40.0,459.576,1
2013-02-24 19:00:00,419.572,40.0,459.572,1
2013-01-25 20:00:00,419.286,40.0,459.286,1
2013-02-10 18:00:00,418.729,40.0,458.729,1
2013-12-01 18:30:00,418.574,40.0,458.574,1
2013-01-20 18:00:00,418.297,40.0,458.297,1
2013-12-01 18:00:00,417.992,40.0,457.992,1
2013-01-24 19:30:00,417.897,40.0,457.897,1
2013-02-03 18:00:00,416.888,40.0,456.888,1
2013-02-12 19:30:00,416.73,40.0,456.73,1
2013-02-12 20:00:00,416.653,40.0,456.653,1
2013-02-09 18:00:00,416.111,40.0,456.111,1
2013-01-25 18:30:00,415.978,40.0,455.978,1
2013-01-14 18:30:00,415.822,40.0,455.822,1
2013-02-06 19:30:00,414.789,40.0,454.789,1
2013-01-13 20:00:00,414.698,40.0,454.698,1
2013-01-16 18:00:00,414.404,40.0,454.404,1
2013-02-25 19:00:00,414.326,40.0,454.326,1
2013-12-01 19:30:00,413.761,40.0,453.761,1
2013-01-16 20:30:00,413.728,40.0,453.728,1
2013-02-03 18:30:00,413.72,40.0,453.72,1
2013-01-22 20:30:00,413.554,40.0,453.554,1
2013-02-26 19:00:00,413.493,40.0,453.493,1
2014-01-05 18:30:00,413.463,40.0,453.463,1
2013-02-03 19:00:00,413.231,40.0,453.231,1
2013-01-22 20:00:00,412.972,40.0,452.972,1
2013-01-23 20:00:00,412.651,40.0,452.651,1
2013-01-12 19:00:00,412.561,40.0,452.561,1
2013-02-09 19:30:00,412.304,40.0,452.304,1
2013-01-26 19:00:00,412.105,40.0,452.105,1
2013-01-28 18:30:00,411.849,40.0,451.849,1
2013-01-20 19:30:00,411.648,40.0,451.648,1
2013-02-13 19:00:00,411.451,40.0,451.451,1
2013-02-12 18:30:00,411.442,40.0,451.442,1
2013-01-19 18:00:00,411.185,40.0,451.185,1
2013-02-26 18:30:00,410.694,40.0,450.694,1
2013-01-23 18:00:00,410.649,40.0,450.649,1
2013-01-14 20:30:00,410.646,40.0,450.646,1
2013-02-24 18:30:00,410.44,40.0,450.44,1
2014-01-05 19:00:00,410.123,40.0,450.123,1
2014-01-05 19:30:00,409.854,40.0,449.854,1
2013-01-16 20:00:00,409.788,40.0,449.788,1
2013-02-26 19:30:00,409.753,40.0,449.753,1
2013-01-17 18:00:00,409.661,40.0,449.661,1
2013-02-25 18:30:00,408.84,40.0,448.84,1
2013-02-06 18:30:00,408.77,40.0,448.77,1
2013-01-26 18:30:00,407.909,40.0,447.909,1
2013-02-07 20:00:00,407.75,40.0,447.75,1
2013-02-22 19:00:00,407.657,40.0,447.657,1
2013-01-13 20:30:00,407.306,40.0,447.306,1
2013-02-13 18:30:00,406.792,40.0,446.792,1
2013-01-17 21:00:00,406.551,40.0,446.551,1
2013-02-13 19:30:00,406.493,40.0,446.493,1
2013-02-23 19:00:00,406.026,40.0,446.026,1
2013-02-23 18:30:00,405.987,40.0,445.987,1
2014-01-12 18:30:00,405.766,40.0,445.766,1
2013-01-24 20:00:00,405.655,40.0,445.655,1
2013-01-10 19:30:00,405.638,40.0,445.638,1
2013-01-10 18:30:00,405.589,40.0,445.589,1
2013-02-24 20:00:00,405.177,40.0,445.177,1
2013-02-04 19:00:00,405.172,40.0,445.172,1
2013-01-15 20:00:00,404.991,40.0,444.991,1
2013-02-10 20:00:00,404.269,40.0,444.269,1
2013-01-21 20:30:00,404.175,40.0,444.175,1
2013-02-25 20:00:00,404.165,40.0,444.165,1
2013-01-28 20:00:00,403.699,40.0,443.699,1
2013-01-19 19:30:00,403.54,40.0,443.54,1
2013-02-05 21:00:00,403.14,40.0,443.14,1
2013-01-19 19:00:00,403.107,40.0,443.107,1
2013-01-15 20:30:00,402.935,40.0,442.935,1
2013-01-25 18:00:00,402.91,40.0,442.91,1
2013-01-06 18:30:00,402.889,40.0,442.889,1
2013-01-12 18:00:00,402.78,40.0,442.78,1
2013-01-25 20:30:00,402.619,40.0,442.619,1
2013-01-18 20:30:00,402.47,40.0,442.47,1
2013-01-26 19:30:00,402.41,40.0,442.41,1
2013-02-08 19:30:00,402.382,40.0,442.382,1
2013-02-06 19:00:00,402.374,40.0,442.374,1
2013-01-22 18:00:00,402.002,40.0,442.002,1
2013-01-11 18:30:00,401.817,40.0,441.817,1
2013-01-11 19:30:00,401.786,40.0,441.786,1
2013-01-16 21:00:00,401.785,40.0,441.785,1
2013-01-21 21:00:00,401.215,40.0,441.215,1
2013-02-22 19:30:00,401.152,40.0,441.152,1
2013-02-11 20:30:00,401.128,40.0,441.128,1
2013-01-20 17:00:00,440.915,0.0,440.915,1
2014-02-09 18:30:00,400.698,40.0,440.698,1
2013-01-06 19:00:00,400.652,40.0,440.652,1
2013-01-14 18:00:00,400.439,40.0,440.439,1
2013-01-27 18:30:00,400.423,40.0,440.423,1
2013-01-19 18:30:00,400.059,40.0,440.059,1
2013-01-15 18:00:00,399.931,40.0,439.931,1
2013-01-14 21:00:00,399.92,40.0,439.92,1
2013-02-12 20:30:00,399.859,40.0,439.859,1
2013-01-12 19:30:00,399.644,40.0,439.644,1
2013-01-27 19:30:00,399.447,40.0,439.447,1
2013-03-11 19:30:00,439.335,0.0,439.335,1
2013-02-23 19:30:00,399.298,40.0,439.298,1
2013-02-25 20:30:00,399.229,40.0,439.229,1
2013-01-29 19:00:00,399.042,40.0,439.042,1
2013-12-19 19:00:00,398.868,40.0,438.868,1
2013-02-07 20:30:00,398.785,40.0,438.785,1
2013-02-04 19:30:00,398.762,40.0,438.762,1
2013-01-22 21:00:00,398.479,40.0,438.479,1
2013-01-23 20:30:00,398.335,40.0,438.335,1
2013-02-25 19:30:00,398.295,40.0,438.295,1
2013-03-11 20:00:00,438.219,0.0,438.219,1
2013-01-28 18:00:00,398.149,40.0,438.149,1
2013-02-26 20:00:00,397.954,40.0,437.954,1
2014-01-05 18:00:00,397.943,40.0,437.943,1
2013-01-11 19:00:00,397.893,40.0,437.893,1
2013-02-17 19:30:00,397.831,40.0,437.831,1
2013-01-20 20:00:00,397.784,40.0,437.784,1
2013-01-06 18:00:00,397.594,40.0,437.594,1
2013-02-06 20:00:00,397.387,40.0,437.387,1
2013-01-13 21:00:00,397.163,40.0,437.163,1
2013-02-04 18:30:00,396.81,40.0,436.81,1
2013-03-11 19:00:00,436.664,0.0,436.664,1
2013-01-07 19:00:00,396.507,40.0,436.507,1
2014-01-29 19:00:00,396.345,40.0,436.345,1
2013-03-24 19:00:00,436.343,0.0,436.343,1
2014-01-12 19:00:00,396.284,40.0,436.284,1
2013-03-24 19:30:00,436.213,0.0,436.213,1
2013-03-25 19:30:00,435.857,0.0,435.857,1
2013-02-23 18:00:00,395.781,40.0,435.781,1
2014-01-26 18:30:00,395.73,40.0,435.73,1
2013-02-15 19:00:00,395.722,40.0,435.722,1
2013-01-24 18:00:00,395.633,40.0,435.633,1
2013-02-24 18:00:00,395.253,40.0,435.253,1
2013-02-12 21:00:00,395.121,40.0,435.121,1
2013-01-27 20:00:00,395.055,40.0,435.055,1
2014-01-26 19:30:00,394.564,40.0,434.564,1
2013-02-11 21:00:00,394.49,40.0,434.49,1
2013-02-17 19:00:00,394.466,40.0,434.466,1
2013-01-24 20:30:00,394.443,40.0,434.443,1
2013-01-19 17:00:00,434.335,0.0,434.335,1
2013-01-06 19:30:00,394.296,40.0,434.296,1
2013-01-10 18:00:00,394.279,40.0,434.279,1
2013-02-03 20:00:00,394.009,40.0,434.009,1
2014-02-12 19:00:00,393.83,40.0,433.83,1
2014-01-26 19:00:00,393.682,40.0,433.682,1
2013-02-07 21:00:00,393.654,40.0,433.654,1
2013-02-24 20:30:00,393.512,40.0,433.512,1
2013-02-23 20:00:00,393.291,40.0,433.291,1
2013-02-09 20:00:00,393.223,40.0,433.223,1
2013-01-11 18:00:00,393.103,40.0,433.103,1
2013-01-05 18:30:00,392.521,40.0,432.521,1
2013-02-26 20:30:00,392.486,40.0,432.486,1
2013-12-19 19:30:00,392.415,40.0,432.415,1
2013-12-23 18:30:00,392.386,40.0,432.386,1
2013-02-13 20:00:00,392.368,40.0,432.368,1
2013-02-02 19:00:00,392.28,40.0,432.28,1
2014-01-29 18:30:00,392.103,40.0,432.103,1
2013-01-15 21:00:00,392.091,40.0,432.091,1
2013-01-03 19:00:00,391.905,40.0,431.905,1
2013-02-07 18:00:00,391.5,40.0,431.5,1
2014-01-12 19:30:00,391.412,40.0,431.412,1
2014-01-27 19:30:00,391.406,40.0,431.406,1
2014-01-27 19:00:00,391.254,40.0,431.254,1
2013-01-12 20:00:00,391.211,40.0,431.211,1
2013-01-28 21:00:00,391.188,40.0,431.188,1
2013-12-11 19:00:00,391.149,40.0,431.149,1
2013-01-27 19:00:00,391.101,40.0,431.101,1
2014-02-02 18:30:00,391.067,40.0,431.067,1
2013-02-28 19:30:00,390.956,40.0,430.956,1
2013-01-26 18:00:00,390.686,40.0,430.686,1
2013-01-29 19:30:00,390.421,40.0,430.421,1
2013-02-02 18:30:00,390.308,40.0,430.308,1
2013-01-09 19:00:00,390.27,40.0,430.27,1
2013-01-03 19:30:00,390.105,40.0,430.105,1
2014-01-31 19:00:00,389.996,40.0,429.996,1
2013-02-05 21:30:00,389.713,40.0,429.713,1
2014-01-27 18:30:00,389.695,40.0,429.695,1
2013-02-28 19:00:00,389.594,40.0,429.594,1
2014-01-28 19:30:00,389.548,40.0,429.548,1
2013-02-14 19:00:00,389.529,40.0,429.529,1
2013-01-10 20:00:00,388.889,40.0,428.889,1
2013-01-17 21:30:00,388.856,40.0,428.856,1
2013-02-13 18:00:00,388.827,40.0,428.827,1
2014-02-10 19:00:00,388.736,40.0,428.736,1
2014-02-10 19:30:00,388.625,40.0,428.625,1
2013-01-03 18:30:00,388.485,40.0,428.485,1
2014-02-02 19:00:00,388.322,40.0,428.322,1
2014-02-03 19:00:00,388.236,40.0,428.236,1
2013-02-10 20:30:00,387.702,40.0,427.702,1
2014-02-02 19:30:00,387.543,40.0,427.543,1
2013-01-09 19:30:00,387.475,40.0,427.475,1
2013-02-22 20:00:00,387.377,40.0,427.377,1
2014-02-12 18:30:00,387.329,40.0,427.329,1
2013-02-25 18:00:00,387.28,40.0,427.28,1
2013-02-01 19:30:00,387.266,40.0,427.266,1
2013-12-31 19:00:00,387.229,40.0,427.229,1
2014-02-14 19:30:00,387.125,40.0,427.125,1
2013-01-20 20:30:00,387.121,40.0,427.121,1
2013-12-23 19:00:00,387.11,40.0,427.11,1
2014-01-31 19:30:00,386.952,40.0,426.952,1
2013-02-02 18:00:00,386.915,40.0,426.915,1
2013-02-15 18:30:00,386.869,40.0,426.869,1
2013-01-13 17:30:00,426.645,0.0,426.645,1
2014-02-11 19:00:00,386.615,40.0,426.615,1
2013-01-22 21:30:00,386.386,40.0,426.386,1
2013-12-17 19:00:00,386.374,40.0,426.374,1
2013-12-19 18:30:00,386.363,40.0,426.363,1
2013-02-08 19:00:00,386.245,40.0,426.245,1
2014-01-12 18:00:00,386.152,40.0,426.152,1
2013-02-24 21:00:00,385.954,40.0,425.954,1
2013-01-20 13:00:00,425.94,0.0,425.94,1
2013-02-11 19:30:00,385.879,40.0,425.879,1
2013-02-12 18:00:00,385.833,40.0,425.833,1
2014-01-05 20:00:00,385.765,40.0,425.765,1
2014-02-12 19:30:00,385.749,40.0,425.749,1
2013-01-08 18:30:00,385.009,40.0,425.009,1
2013-03-26 19:30:00,424.886,0.0,424.886,1
2013-01-20 16:00:00,424.558,0.0,424.558,1
2013-12-11 19:30:00,384.545,40.0,424.545,1
2014-01-18 18:30:00,384.305,40.0,424.305,1
2013-02-18 19:30:00,384.277,40.0,424.277,1
2013-02-08 18:30:00,384.229,40.0,424.229,1
2013-01-26 20:00:00,383.905,40.0,423.905,1
2014-01-28 19:00:00,383.887,40.0,423.887,1
2013-03-12 20:00:00,423.68,0.0,423.68,1
2013-01-07 18:30:00,383.614,40.0,423.614,1
2013-01-04 18:30:00,383.493,40.0,423.493,1
2014-02-13 19:30:00,383.417,40.0,423.417,1
2013-12-01 20:00:00,383.34,40.0,423.34,1
2013-02-02 19:30:00,383.194,40.0,423.194,1
2013-01-19 16:30:00,423.077,0.0,423.077,1
2013-01-20 13:30:00,423.027,0.0,423.027,1
2013-03-11 20:30:00,422.902,0.0,422.902,1
2014-02-14 19:00:00,382.803,40.0,422.803,1
2014-02-16 19:00:00,382.773,40.0,422.773,1
2013-12-24 19:00:00,382.58,40.0,422.58,1
2014-01-30 19:00:00,382.54,40.0,422.54,1
2014-02-09 19:00:00,382.508,40.0,422.508,1
2013-02-15 19:30:00,382.503,40.0,422.503,1
2013-12-05 19:00:00,382.48,40.0,422.48,1
2013-01-23 21:00:00,382.413,40.0,422.413,1
2013-01-16 21:30:00,382.338,40.0,422.338,1
2013-01-07 19:30:00,382.299,40.0,422.299,1
2013-02-18 19:00:00,382.093,40.0,422.093,1
2014-01-03 19:00:00,382.086,40.0,422.086,1
2013-02-01 19:00:00,382.072,40.0,422.072,1
2013-01-05 19:00:00,382.064,40.0,422.064,1
2013-01-18 17:30:00,421.986,0.0,421.986,1
2014-02-09 18:00:00,381.972,40.0,421.972,1
2013-01-27 18:00:00,381.967,40.0,421.967,1
2013-12-31 19:30:00,381.966,40.0,421.966,1
2013-12-24 19:30:00,381.812,40.0,421.812,1
2013-02-06 18:00:00,381.494,40.0,421.494,1
2013-01-04 19:00:00,381.407,40.0,421.407,1
2014-02-04 19:00:00,381.402,40.0,421.402,1
2013-02-09 20:30:00,381.294,40.0,421.294,1
2013-12-08 18:30:00,381.287,40.0,421.287,1
2013-03-11 18:30:00,421.159,0.0,421.159,1
2013-01-08 19:30:00,381.156,40.0,421.156,1
2013-01-29 18:30:00,381.021,40.0,421.021,1
2013-03-12 19:30:00,420.979,0.0,420.979,1
2013-01-25 21:00:00,380.849,40.0,420.849,1
2013-01-09 18:30:00,380.834,40.0,420.834,1
2013-02-14 19:30:00,380.639,40.0,420.639,1
2014-02-14 18:30:00,380.585,40.0,420.585,1
2013-02-11 21:30:00,380.563,40.0,420.563,1
2013-12-17 19:30:00,380.559,40.0,420.559,1
2013-02-28 18:30:00,380.275,40.0,420.275,1
2013-12-17 18:30:00,380.203,40.0,420.203,1
2014-01-25 19:00:00,380.191,40.0,420.191,1
2014-01-08 19:00:00,379.872,40.0,419.872,1
2013-01-21 21:30:00,379.827,40.0,419.827,1
2014-02-05 18:30:00,379.751,40.0,419.751,1
2013-01-09 20:00:00,379.747,40.0,419.747,1
2013-02-11 19:00:00,379.675,40.0,419.675,1
2014-02-04 19:30:00,379.647,40.0,419.647,1
2013-02-28 20:00:00,379.643,40.0,419.643,1
2013-03-12 19:00:00,419.569,0.0,419.569,1
2013-12-30 19:30:00,379.508,40.0,419.508,1
2013-02-11 18:30:00,379.461,40.0,419.461,1
2013-01-20 16:30:00,419.374,0.0,419.374,1
2013-12-23 18:00:00,379.167,40.0,419.167,1
2014-02-03 18:30:00,379.093,40.0,419.093,1
2013-02-12 21:30:00,378.999,40.0,418.999,1
2013-02-22 18:30:00,378.952,40.0,418.952,1
2013-01-19 14:00:00,418.919,0.0,418.919,1
2013-12-31 18:30:00,378.9,40.0,418.9,1
2013-01-27 20:30:00,378.794,40.0,418.794,1
2013-12-23 19:30:00,378.78,40.0,418.78,1
2014-01-10 18:30:00,378.772,40.0,418.772,1
2013-12-10 19:00:00,378.64,40.0,418.64,1
2013-12-08 19:00:00,378.633,40.0,418.633,1
2013-03-12 20:30:00,418.575,0.0,418.575,1
2014-02-11 19:30:00,378.426,40.0,418.426,1
2014-01-07 19:30:00,378.424,40.0,418.424,1
2013-02-17 20:00:00,378.129,40.0,418.129,1
2013-12-05 19:30:00,378.081,40.0,418.081,1
2014-01-14 19:30:00,378.042,40.0,418.042,1
2013-01-25 21:30:00,378.022,40.0,418.022,1
2014-01-30 18:30:00,377.968,40.0,417.968,1
2014-02-03 19:30:00,377.952,40.0,417.952,1
2014-01-29 19:30:00,377.944,40.0,417.944,1
2014-01-25 18:30:00,377.852,40.0,417.852,1
2014-01-02 19:30:00,377.62,40.0,417.62,1
2014-02-17 19:00:00,377.591,40.0,417.591,1
2013-02-16 19:00:00,377.561,40.0,417.561,1
2013-01-19 20:00:00,377.547,40.0,417.547,1
2013-02-26 18:00:00,377.373,40.0,417.373,1
2013-01-24 21:00:00,377.066,40.0,417.066,1
2014-01-22 19:00:00,376.829,40.0,416.829,1
2013-11-21 19:00:00,416.762,0.0,416.762,1
2013-02-13 20:30:00,376.718,40.0,416.718,1
2014-02-12 20:00:00,376.7,40.0,416.7,1
2013-01-28 21:30:00,376.693,40.0,416.693,1
2013-01-10 20:30:00,376.628,40.0,416.628,1
2013-01-08 19:00:00,376.536,40.0,416.536,1
2013-02-11 20:00:00,376.412,40.0,416.412,1
2014-02-10 18:30:00,376.384,40.0,416.384,1
2014-01-09 19:00:00,376.292,40.0,416.292,1
2013-01-28 20:30:00,376.269,40.0,416.269,1
2013-01-11 20:00:00,376.152,40.0,416.152,1
2014-01-26 18:00:00,376.012,40.0,416.012,1
2013-02-18 18:30:00,375.979,40.0,415.979,1
2013-01-15 21:30:00,375.929,40.0,415.929,1
2014-01-02 19:00:00,375.891,40.0,415.891,1
2013-02-05 17:30:00,415.89,0.0,415.89,1
2014-01-15 18:30:00,375.859,40.0,415.859,1
2013-01-04 19:30:00,375.805,40.0,415.805,1
2014-01-20 19:30:00,375.757,40.0,415.757,1
2014-01-08 18:30:00,375.71,40.0,415.71,1
2014-01-03 18:30:00,375.654,40.0,415.654,1
2013-02-26 21:00:00,375.569,40.0,415.569,1
2013-12-18 19:30:00,375.485,40.0,415.485,1
2013-02-23 20:30:00,375.472,40.0,415.472,1
2013-01-30 19:00:00,375.461,40.0,415.461,1
2013-12-20 18:30:00,375.437,40.0,415.437,1
2013-12-09 19:30:00,375.26,40.0,415.26,1
2014-02-07 19:00:00,375.209,40.0,415.209,1
2013-12-11 20:00:00,375.15,40.0,415.15,1
2014-02-10 20:00:00,375.041,40.0,415.041,1
2014-02-13 19:00:00,374.861,40.0,414.861,1
2014-02-11 18:30:00,374.802,40.0,414.802,1
2013-03-25 19:00:00,414.791,0.0,414.791,1
2013-02-01 18:30:00,374.767,40.0,414.767,1
2013-03-24 20:00:00,414.719,0.0,414.719,1
2013-12-11 18:30:00,374.553,40.0,414.553,1
2014-01-09 18:30:00,374.539,40.0,414.539,1
2014-01-21 18:30:00,374.466,40.0,414.466,1
2013-12-03 19:00:00,374.461,40.0,414.461,1
2013-12-19 20:00:00,374.422,40.0,414.422,1
2013-02-16 18:30:00,374.408,40.0,414.408,1
2014-01-18 18:00:00,374.395,40.0,414.395,1
2013-12-09 18:30:00,374.382,40.0,414.382,1
2013-01-30 18:30:00,374.375,40.0,414.375,1
2014-01-06 19:00:00,374.335,40.0,414.335,1
2013-02-25 21:00:00,374.324,40.0,414.324,1
2013-02-06 20:30:00,374.319,40.0,414.319,1
2013-01-03 18:00:00,374.315,40.0,414.315,1
2014-01-09 19:30:00,374.313,40.0,414.313,1
2013-01-07 20:00:00,374.209,40.0,414.209,1
2013-01-18 21:00:00,374.142,40.0,414.142,1
2013-03-03 19:30:00,414.117,0.0,414.117,1
2014-01-10 19:30:00,374.021,40.0,414.021,1
2013-03-23 19:30:00,414.017,0.0,414.017,1
2013-12-24 18:30:00,373.807,40.0,413.807,1
2014-01-25 19:30:00,373.791,40.0,413.791,1
2013-01-13 21:30:00,373.775,40.0,413.775,1
2013-02-10 21:00:00,373.628,40.0,413.628,1
2013-02-14 20:00:00,373.454,40.0,413.454,1
2014-02-05 19:00:00,373.451,40.0,413.451,1
2013-12-09 19:00:00,373.319,40.0,413.319,1
2013-12-01 17:30:00,413.315,0.0,413.315,1
2013-12-18 18:30:00,373.218,40.0,413.218,1
2013-02-18 20:00:00,373.212,40.0,413.212,1
2014-01-05 20:30:00,373.167,40.0,413.167,1
2013-12-08 18:00:00,373.161,40.0,413.161,1
2013-01-31 19:30:00,373.154,40.0,413.154,1
2014-02-01 19:30:00,373.146,40.0,413.146,1
2014-01-10 19:00:00,373.111,40.0,413.111,1
2013-12-29 19:00:00,373.083,40.0,413.083,1
2014-02-09 19:30:00,373.03,40.0,413.03,1
2014-01-07 19:00:00,373.021,40.0,413.021,1
2013-02-19 19:00:00,372.979,40.0,412.979,1
2013-02-03 20:30:00,372.968,40.0,412.968,1
2013-12-04 18:30:00,372.754,40.0,412.754,1
2013-03-11 21:00:00,412.735,0.0,412.735,1
2013-02-08 20:00:00,372.678,40.0,412.678,1
2014-01-21 19:30:00,372.662,40.0,412.662,1
2013-12-18 19:00:00,372.603,40.0,412.603,1
2014-01-04 18:00:00,372.526,40.0,412.526,1
2013-12-04 19:00:00,372.3,40.0,412.3,1
2014-01-12 20:00:00,372.243,40.0,412.243,1
2014-02-09 20:00:00,372.104,40.0,412.104,1
2013-12-05 18:30:00,372.043,40.0,412.043,1
2013-12-10 19:30:00,371.985,40.0,411.985,1
2013-01-20 17:30:00,411.935,0.0,411.935,1
2014-02-02 20:00:00,371.931,40.0,411.931,1
2013-02-21 19:00:00,371.925,40.0,411.925,1
2014-02-16 19:30:00,371.71,40.0,411.71,1
2014-01-02 18:30:00,371.664,40.0,411.664,1
2013-02-04 20:00:00,371.539,40.0,411.539,1
2013-01-20 21:00:00,371.451,40.0,411.451,1
2013-02-17 18:30:00,371.412,40.0,411.412,1
2014-02-04 18:30:00,371.237,40.0,411.237,1
2013-12-24 18:00:00,371.201,40.0,411.201,1
2014-02-05 19:30:00,371.163,40.0,411.163,1
2014-01-11 18:30:00,371.126,40.0,411.126,1
2014-02-16 18:30:00,371.115,40.0,411.115,1
2014-01-06 18:30:00,371.091,40.0,411.091,1
2013-12-31 18:00:00,370.893,40.0,410.893,1
2014-01-29 18:00:00,370.881,40.0,410.881,1
2013-01-04 18:00:00,370.837,40.0,410.837,1
2014-01-27 20:00:00,370.796,40.0,410.796,1
2014-01-06 19:30:00,370.674,40.0,410.674,1
2013-01-14 21:30:00,370.568,40.0,410.568,1
2014-01-22 18:30:00,370.424,40.0,410.424,1
2013-02-03 17:30:00,410.403,0.0,410.403,1
2014-01-13 19:00:00,370.291,40.0,410.291,1
2014-01-14 19:00:00,370.168,40.0,410.168,1
2014-01-15 19:00:00,370.167,40.0,410.167,1
2013-12-29 19:30:00,370.13,40.0,410.13,1
2013-03-25 20:00:00,410.129,0.0,410.129,1
2014-01-26 20:00:00,370.025,40.0,410.025,1
2014-02-03 20:00:00,370.014,40.0,410.014,1
2013-01-10 21:00:00,369.946,40.0,409.946,1
2013-01-31 19:00:00,369.928,40.0,409.928,1
2014-01-30 19:30:00,369.912,40.0,409.912,1
2013-01-31 18:30:00,369.802,40.0,409.802,1
2014-01-25 18:00:00,369.794,40.0,409.794,1
2014-01-21 19:00:00,369.772,40.0,409.772,1
2014-01-20 18:30:00,369.634,40.0,409.634,1
2014-02-15 19:30:00,369.621,40.0,409.621,1
2013-01-07 20:30:00,369.218,40.0,409.218,1
2013-01-12 20:30:00,369.059,40.0,409.059,1
2013-02-24 21:30:00,368.998,40.0,408.998,1
2014-02-05 20:00:00,368.969,40.0,408.969,1
2013-03-13 19:00:00,408.79,0.0,408.79,1
2013-01-30 19:30:00,368.746,40.0,408.746,1
2013-12-12 18:30:00,368.719,40.0,408.719,1
2013-01-03 20:00:00,368.694,40.0,408.694,1
2013-12-20 19:00:00,368.692,40.0,408.692,1
2013-02-07 21:30:00,368.661,40.0,408.661,1
2013-01-24 21:30:00,368.659,40.0,408.659,1
2014-01-31 18:30:00,368.638,40.0,408.638,1
2013-02-22 20:30:00,368.599,40.0,408.599,1
2013-03-13 19:30:00,408.487,0.0,408.487,1
2013-12-30 18:30:00,368.451,40.0,408.451,1
2013-01-20 15:30:00,408.451,0.0,408.451,1
2013-02-19 19:30:00,368.324,40.0,408.324,1
2014-02-23 18:30:00,368.223,40.0,408.223,1
2013-12-10 18:30:00,368.069,40.0,408.069,1
2014-02-18 19:00:00,368.068,40.0,408.068,1
2014-01-24 19:00:00,367.962,40.0,407.962,1
2014-01-20 19:00:00,367.958,40.0,407.958,1
2014-01-13 18:30:00,367.938,40.0,407.938,1
2013-02-06 21:00:00,367.888,40.0,407.888,1
2013-12-06 19:00:00,367.857,40.0,407.857,1
2013-12-29 18:30:00,367.753,40.0,407.753,1
2013-02-01 20:00:00,367.738,40.0,407.738,1
2013-02-08 18:00:00,367.696,40.0,407.696,1
2014-02-05 18:00:00,367.561,40.0,407.561,1
2013-12-22 19:30:00,367.532,40.0,407.532,1
2014-01-23 19:00:00,367.4,40.0,407.4,1
2013-02-14 18:30:00,367.364,40.0,407.364,1
2013-12-06 19:30:00,367.252,40.0,407.252,1
2013-01-08 20:00:00,367.191,40.0,407.191,1
2013-02-14 20:30:00,367.155,40.0,407.155,1
2014-02-06 19:00:00,367.08,40.0,407.08,1
2014-02-04 20:00:00,367.062,40.0,407.062,1
2014-02-17 19:30:00,366.985,40.0,406.985,1
2014-01-28 20:00:00,366.862,40.0,406.862,1
2013-02-16 19:30:00,366.846,40.0,406.846,1
2014-01-16 19:00:00,366.8,40.0,406.8,1
2013-12-16 19:00:00,366.781,40.0,406.781,1
2014-02-07 18:30:00,366.727,40.0,406.727,1
2014-01-07 18:30:00,366.693,40.0,406.693,1
2013-12-08 19:30:00,366.642,40.0,406.642,1
2013-02-15 20:00:00,366.551,40.0,406.551,1
2013-12-21 18:30:00,366.514,40.0,406.514,1
2014-01-11 19:30:00,366.435,40.0,406.435,1
2013-12-13 18:30:00,366.393,40.0,406.393,1
2013-03-10 19:00:00,406.327,0.0,406.327,1
2014-02-13 20:00:00,366.316,40.0,406.316,1
2013-01-20 14:00:00,406.306,0.0,406.306,1
2014-01-04 19:00:00,366.289,40.0,406.289,1
2014-01-24 19:30:00,366.236,40.0,406.236,1
2014-01-08 19:30:00,366.189,40.0,406.189,1
2014-02-13 18:30:00,366.181,40.0,406.181,1
2013-12-03 18:30:00,366.07,40.0,406.07,1
2013-01-05 19:30:00,366.035,40.0,406.035,1
2013-01-23 21:30:00,366.018,40.0,406.018,1
2013-02-06 21:30:00,365.969,40.0,405.969,1
2013-03-24 20:30:00,405.917,0.0,405.917,1
2014-01-04 18:30:00,365.849,40.0,405.849,1
2014-02-11 20:00:00,365.792,40.0,405.792,1
2013-02-15 20:30:00,365.737,40.0,405.737,1
2013-12-06 18:30:00,365.72,40.0,405.72,1
2014-01-04 19:30:00,365.72,40.0,405.72,1
2014-01-18 19:00:00,365.595,40.0,405.595,1
2014-01-01 18:30:00,365.569,40.0,405.569,1
2013-12-29 18:00:00,365.555,40.0,405.555,1
2014-02-08 18:30:00,365.462,40.0,405.462,1
2013-02-21 19:30:00,365.451,40.0,405.451,1
2013-01-06 20:00:00,365.428,40.0,405.428,1
2013-02-04 20:30:00,365.407,40.0,405.407,1
2014-02-18 18:30:00,365.374,40.0,405.374,1
2013-02-11 18:00:00,365.241,40.0,405.241,1
2013-03-24 18:30:00,405.177,0.0,405.177,1
2014-01-03 19:30:00,365.166,40.0,405.166,1
2014-02-08 19:00:00,365.079,40.0,405.079,1
2013-12-02 19:00:00,365.059,40.0,405.059,1
2013-03-14 19:30:00,404.886,0.0,404.886,1
2013-01-18 17:00:00,404.724,0.0,404.724,1
2013-12-17 20:00:00,364.721,40.0,404.721,1
2013-03-26 19:00:00,404.717,0.0,404.717,1
2014-01-20 20:00:00,364.67,40.0,404.67,1
2013-12-19 18:00:00,364.655,40.0,404.655,1
2013-11-21 18:30:00,404.567,0.0,404.567,1
2014-01-09 18:00:00,364.554,40.0,404.554,1
2013-01-20 21:30:00,364.547,40.0,404.547,1
2014-02-08 19:30:00,364.523,40.0,404.523,1
2014-02-24 19:30:00,364.509,40.0,404.509,1
2014-01-02 20:00:00,364.492,40.0,404.492,1
2014-01-14 20:00:00,364.458,40.0,404.458,1
2013-12-19 20:30:00,364.405,40.0,404.405,1
2013-02-18 20:30:00,364.148,40.0,404.148,1
2013-02-02 20:00:00,364.07,40.0,404.07,1
2013-12-13 19:00:00,363.997,40.0,403.997,1
2013-02-25 21:30:00,363.859,40.0,403.859,1
2013-01-19 16:00:00,403.598,0.0,403.598,1
2014-02-01 18:30:00,363.491,40.0,403.491,1
2013-01-18 21:30:00,363.376,40.0,403.376,1
2013-01-26 20:30:00,363.222,40.0,403.222,1
2013-03-10 19:30:00,403.219,0.0,403.219,1
2014-01-06 20:00:00,363.127,40.0,403.127,1
2014-01-23 19:30:00,363.06,40.0,403.06,1
2013-12-22 20:00:00,363.044,40.0,403.044,1
2013-02-23 21:00:00,363.016,40.0,403.016,1
2014-01-13 19:30:00,362.986,40.0,402.986,1
2014-01-17 18:30:00,362.961,40.0,402.961,1
2014-01-01 18:00:00,362.944,40.0,402.944,1
2014-02-18 19:30:00,362.916,40.0,402.916,1
2013-12-04 19:30:00,362.769,40.0,402.769,1
2013-12-30 19:00:00,362.721,40.0,402.721,1
2013-01-17 17:30:00,402.703,0.0,402.703,1
2014-01-09 20:00:00,362.606,40.0,402.606,1
2013-12-18 20:00:00,362.604,40.0,402.604,1
2013-02-10 21:30:00,362.586,40.0,402.586,1
2013-02-28 20:30:00,362.541,40.0,402.541,1
2014-01-14 18:30:00,362.476,40.0,402.476,1
2014-02-02 18:00:00,362.308,40.0,402.308,1
2014-01-29 20:00:00,362.283,40.0,402.283,1
2014-02-23 19:00:00,362.283,40.0,402.283,1
2013-12-12 19:00:00,362.121,40.0,402.121,1
2014-02-08 18:00:00,362.085,40.0,402.085,1
2013-12-03 20:00:00,362.037,40.0,402.037,1
2014-02-17 18:30:00,361.994,40.0,401.994,1
2013-02-13 21:00:00,361.968,40.0,401.968,1
2013-01-09 20:30:00,361.942,40.0,401.942,1
2014-02-06 19:30:00,361.903,40.0,401.903,1
2013-02-22 18:00:00,361.861,40.0,401.861,1
2013-12-03 19:30:00,361.856,40.0,401.856,1
2014-01-01 19:00:00,361.789,40.0,401.789,1
2013-01-19 20:30:00,361.782,40.0,401.782,1
2014-02-01 19:00:00,361.758,40.0,401.758,1
2013-01-09 18:00:00,361.72,40.0,401.72,1
2013-03-23 19:00:00,401.703,0.0,401.703,1
2013-03-26 20:00:00,401.609,0.0,401.609,1
2013-03-03 19:00:00,401.585,0.0,401.585,1
2014-01-28 18:30:00,361.575,40.0,401.575,1
2014-02-06 18:30:00,361.541,40.0,401.541,1
2014-01-11 19:00:00,361.534,40.0,401.534,1
2013-12-27 19:00:00,361.443,40.0,401.443,1
2013-02-27 19:30:00,361.399,40.0,401.399,1
2013-12-22 19:00:00,361.392,40.0,401.392,1
2013-12-11 20:30:00,361.385,40.0,401.385,1
2014-01-15 19:30:00,361.355,40.0,401.355,1
2013-01-29 20:00:00,361.319,40.0,401.319,1
2013-01-08 18:00:00,361.236,40.0,401.236,1
2013-01-31 20:00:00,361.122,40.0,401.122,1
2013-02-10 17:30:00,401.097,0.0,401.097,1
2013-12-09 20:00:00,361.046,40.0,401.046,1
2013-02-14 21:00:00,361.026,40.0,401.026,1
2013-12-22 18:00:00,361.008,40.0,401.008,1
2013-02-04 18:00:00,361.006,40.0,401.006,1
2013-01-21 17:30:00,400.974,0.0,400.974,1
2013-03-04 19:00:00,400.965,0.0,400.965,1
2014-01-12 20:30:00,360.926,40.0,400.926,1
2013-12-13 19:30:00,360.888,40.0,400.888,1
2014-01-11 18:00:00,360.832,40.0,400.832,1
2014-01-30 20:00:00,360.815,40.0,400.815,1
2013-12-02 18:30:00,360.792,40.0,400.792,1
2013-03-13 20:00:00,400.775,0.0,400.775,1
2013-12-01 20:30:00,360.746,40.0,400.746,1
2014-01-27 18:00:00,360.652,40.0,400.652,1
2013-02-09 21:00:00,360.648,40.0,400.648,1
2013-02-27 19:00:00,360.635,40.0,400.635,1
2013-01-11 20:30:00,360.389,40.0,400.389,1
2014-01-20 18:00:00,360.25600000000003,40.0,400.25600000000003,1
2014-02-16 20:00:00,360.248,40.0,400.248,1
2013-12-12 19:30:00,360.234,40.0,400.234,1
2014-02-14 20:00:00,360.232,40.0,400.232,1
2014-02-03 20:30:00,360.231,40.0,400.231,1
2014-01-22 19:30:00,360.179,40.0,400.179,1
2014-02-15 18:30:00,360.159,40.0,400.159,1
2013-01-19 15:30:00,400.112,0.0,400.112,1
2014-01-16 19:30:00,360.066,40.0,400.066,1
2014-01-28 20:30:00,360.065,40.0,400.065,1
2013-03-25 20:30:00,400.005,0.0,400.005,1
2013-12-17 18:00:00,359.858,40.0,399.858,1
2013-02-03 21:00:00,359.828,40.0,399.828,1
2014-02-12 18:00:00,359.657,40.0,399.657,1
2014-01-17 19:30:00,359.553,40.0,399.553,1
2014-01-23 18:30:00,359.42,40.0,399.42,1
2013-02-17 18:00:00,359.355,40.0,399.355,1
2014-01-03 18:00:00,359.306,40.0,399.306,1
2013-03-23 20:00:00,399.266,0.0,399.266,1
2014-01-18 19:30:00,359.045,40.0,399.045,1
2013-12-27 19:30:00,358.81,40.0,398.81,1
2014-01-15 20:00:00,358.743,40.0,398.743,1
2013-02-21 20:00:00,358.74,40.0,398.74,1
2014-02-24 19:00:00,358.726,40.0,398.726,1
2013-12-27 18:30:00,358.702,40.0,398.702,1
2014-02-07 19:30:00,358.618,40.0,398.618,1
2013-02-22 21:00:00,358.47,40.0,398.47,1
2013-12-22 20:30:00,358.443,40.0,398.443,1
2014-02-12 20:30:00,358.439,40.0,398.439,1
2013-03-14 19:00:00,398.433,0.0,398.433,1
2013-01-04 20:00:00,358.334,40.0,398.334,1
2013-11-21 19:30:00,398.001,0.0,398.001,1
2013-03-25 18:30:00,397.955,0.0,397.955,1
2013-01-29 18:00:00,357.92,40.0,397.92,1
2013-01-20 12:30:00,397.853,0.0,397.853,1
2013-01-29 20:30:00,357.84,40.0,397.84,1
2013-01-05 18:00:00,357.79,40.0,397.79,1
2013-01-19 17:30:00,397.785,0.0,397.785,1
2013-01-06 17:30:00,397.714,0.0,397.714,1
2013-02-21 18:30:00,357.561,40.0,397.561,1
2014-01-08 20:00:00,357.505,40.0,397.505,1
2013-12-31 20:00:00,357.471,40.0,397.471,1
2014-01-17 19:00:00,357.278,40.0,397.278,1
2013-12-30 18:00:00,357.141,40.0,397.141,1
2013-01-13 17:00:00,397.054,0.0,397.054,1
2013-12-24 20:00:00,357.042,40.0,397.042,1
2013-12-21 18:00:00,357.013,40.0,397.013,1
2013-12-21 19:00:00,356.991,40.0,396.991,1
2014-01-05 17:30:00,396.954,0.0,396.954,1
2013-03-25 21:00:00,396.879,0.0,396.879,1
2013-02-19 18:30:00,356.869,40.0,396.869,1
2014-01-02 18:00:00,356.842,40.0,396.842,1
2013-03-22 19:30:00,396.82,0.0,396.82,1
2014-01-24 18:30:00,356.779,40.0,396.779,1
2014-01-04 20:00:00,356.735,40.0,396.735,1
2013-12-15 18:30:00,356.669,40.0,396.669,1
2013-03-11 21:30:00,396.663,0.0,396.663,1
2013-12-23 20:00:00,356.508,40.0,396.508,1
2014-02-16 18:00:00,356.451,40.0,396.451,1
2013-12-14 19:00:00,356.413,40.0,396.413,1
2014-01-21 20:00:00,356.402,40.0,396.402,1
2013-12-16 19:30:00,356.28,40.0,396.28,1
2014-01-31 20:00:00,356.231,40.0,396.231,1
2014-01-21 20:30:00,356.221,40.0,396.221,1
2013-12-27 18:00:00,356.042,40.0,396.042,1
2013-12-02 19:30:00,355.951,40.0,395.951,1
2014-02-21 19:00:00,355.924,40.0,395.924,1
2013-02-28 21:00:00,355.622,40.0,395.622,1
2014-02-23 20:00:00,355.622,40.0,395.622,1
2014-01-07 20:00:00,355.583,40.0,395.583,1
2014-01-25 20:00:00,355.553,40.0,395.553,1
2013-01-30 20:00:00,355.541,40.0,395.541,1
2014-01-27 20:30:00,355.43,40.0,395.43,1
2014-01-16 18:00:00,355.369,40.0,395.369,1
2014-01-13 20:00:00,355.322,40.0,395.322,1
2013-03-12 21:00:00,395.267,0.0,395.267,1
2013-12-22 18:30:00,355.24,40.0,395.24,1
2013-02-13 21:30:00,355.194,40.0,395.194,1
2013-02-16 18:00:00,355.109,40.0,395.109,1
2013-12-09 18:00:00,355.011,40.0,395.011,1
2013-03-02 19:00:00,394.97,0.0,394.97,1
2013-01-12 17:30:00,394.947,0.0,394.947,1
2013-02-01 18:00:00,354.857,40.0,394.857,1
2014-02-01 20:00:00,354.773,40.0,394.773,1
2013-01-07 18:00:00,354.717,40.0,394.717,1
2013-02-20 19:00:00,354.66,40.0,394.66,1
2013-12-15 19:00:00,354.64,40.0,394.64,1
2013-02-09 21:30:00,354.554,40.0,394.554,1
2014-02-26 19:00:00,354.495,40.0,394.495,1
2014-01-16 18:30:00,354.459,40.0,394.459,1
2013-01-03 20:30:00,354.367,40.0,394.367,1
2013-03-22 19:00:00,394.35,0.0,394.35,1
2013-03-18 20:00:00,394.193,0.0,394.193,1
2013-01-19 14:30:00,394.063,0.0,394.063,1
2013-03-25 21:30:00,393.875,0.0,393.875,1
2013-02-15 18:00:00,353.86,40.0,393.86,1
2013-01-06 20:30:00,353.844,40.0,393.844,1
2014-01-26 20:30:00,353.738,40.0,393.738,1
2013-02-17 20:30:00,353.641,40.0,393.641,1
2013-03-01 19:00:00,393.613,0.0,393.613,1
2014-02-23 19:30:00,353.536,40.0,393.536,1
2014-02-15 19:00:00,353.441,40.0,393.441,1
2013-12-20 19:30:00,353.439,40.0,393.439,1
2014-01-06 20:30:00,353.226,40.0,393.226,1
2013-03-24 21:30:00,393.198,0.0,393.198,1
2013-12-17 20:30:00,353.19,40.0,393.19,1
2013-01-24 17:30:00,393.178,0.0,393.178,1
2014-02-26 20:00:00,353.11,40.0,393.11,1
2013-12-03 18:00:00,353.103,40.0,393.103,1
2014-01-22 20:00:00,353.09,40.0,393.09,1
2013-12-08 20:00:00,352.859,40.0,392.859,1
2014-01-23 20:00:00,352.819,40.0,392.819,1
2013-12-06 18:00:00,352.811,40.0,392.811,1
2013-02-27 20:00:00,352.805,40.0,392.805,1
2014-02-01 18:00:00,352.716,40.0,392.716,1
2013-12-14 18:30:00,352.699,40.0,392.699,1
2013-02-20 19:30:00,352.645,40.0,392.645,1
2013-02-19 20:00:00,352.61,40.0,392.61,1
2013-12-05 20:00:00,352.589,40.0,392.589,1
2014-02-04 18:00:00,352.484,40.0,392.484,1
2014-01-30 18:00:00,352.435,40.0,392.435,1
2013-02-04 21:00:00,352.347,40.0,392.347,1
2014-02-26 19:30:00,352.247,40.0,392.247,1
2013-01-19 15:00:00,392.214,0.0,392.214,1
2014-02-09 20:30:00,352.191,40.0,392.191,1
2013-12-16 18:30:00,352.19,40.0,392.19,1
2013-12-04 20:00:00,352.152,40.0,392.152,1
2013-12-04 18:00:00,352.067,40.0,392.067,1
2013-01-16 17:30:00,392.031,0.0,392.031,1
2014-01-03 20:00:00,352.001,40.0,392.001,1
2014-02-11 20:30:00,351.951,40.0,391.951,1
2014-02-06 18:00:00,351.95,40.0,391.95,1
2013-12-20 18:00:00,351.943,40.0,391.943,1
2013-12-28 19:30:00,351.864,40.0,391.864,1
2014-02-04 20:30:00,351.729,40.0,391.729,1
2013-03-19 19:30:00,391.723,0.0,391.723,1
2014-02-08 20:00:00,351.621,40.0,391.621,1
2013-02-23 21:30:00,351.602,40.0,391.602,1
2013-03-13 18:30:00,391.535,0.0,391.535,1
2014-02-10 20:30:00,351.495,40.0,391.495,1
2013-03-18 19:00:00,391.477,0.0,391.477,1
2013-01-31 18:00:00,351.472,40.0,391.472,1
2013-03-24 21:00:00,391.44,0.0,391.44,1
2013-02-21 20:30:00,351.368,40.0,391.368,1
2014-01-31 18:00:00,350.809,40.0,390.809,1
2014-02-11 18:00:00,350.794,40.0,390.794,1
2013-01-26 21:00:00,350.791,40.0,390.791,1
2013-02-18 18:00:00,350.67,40.0,390.67,1
2013-12-05 18:00:00,350.657,40.0,390.657,1
2013-12-03 20:30:00,350.647,40.0,390.647,1
2013-01-12 21:00:00,350.635,40.0,390.635,1
2014-02-15 20:00:00,350.616,40.0,390.616,1
2013-02-26 21:30:00,350.598,40.0,390.598,1
2013-03-01 19:30:00,390.569,0.0,390.569,1
2013-01-08 20:30:00,350.45,40.0,390.45,1
2014-01-01 19:30:00,350.387,40.0,390.387,1
2014-01-14 18:00:00,350.136,40.0,390.136,1
2014-01-13 18:00:00,350.086,40.0,390.086,1
2014-01-24 18:00:00,350.034,40.0,390.034,1
2013-12-29 20:00:00,350.013,40.0,390.013,1
2014-01-30 20:30:00,350.002,40.0,390.002,1
2013-01-09 21:00:00,349.904,40.0,389.904,1
2013-03-15 19:00:00,389.814,0.0,389.814,1
2014-01-28 21:00:00,349.682,40.0,389.682,1
2013-12-11 18:00:00,349.641,40.0,389.641,1
2014-02-10 21:00:00,349.602,40.0,389.602,1
2013-02-08 20:30:00,349.601,40.0,389.601,1
2013-01-20 14:30:00,389.455,0.0,389.455,1
2013-12-28 18:30:00,349.424,40.0,389.424,1
2013-03-03 20:00:00,389.272,0.0,389.272,1
2014-01-07 18:00:00,349.21,40.0,389.21,1
2013-01-20 15:00:00,389.097,0.0,389.097,1
2014-02-17 20:00:00,348.919,40.0,388.919,1
2013-02-21 18:00:00,348.855,40.0,388.855,1
2013-01-23 17:30:00,388.829,0.0,388.829,1
2013-12-05 21:00:00,348.8,40.0,388.8,1
2013-03-24 18:00:00,388.665,0.0,388.665,1
2014-01-05 21:00:00,348.641,40.0,388.641,1
2013-02-14 21:30:00,348.629,40.0,388.629,1
2014-01-21 18:00:00,348.557,40.0,388.557,1
2013-01-27 21:00:00,348.556,40.0,388.556,1
2013-03-02 19:30:00,388.503,0.0,388.503,1
2014-01-09 20:30:00,348.475,40.0,388.475,1
2013-12-19 21:00:00,348.394,40.0,388.394,1
2013-01-22 17:30:00,388.382,0.0,388.382,1
2013-12-10 18:00:00,348.346,40.0,388.346,1
2014-01-15 18:00:00,348.324,40.0,388.324,1
2013-12-10 20:00:00,348.322,40.0,388.322,1
2013-03-15 19:30:00,388.272,0.0,388.272,1
2013-01-19 21:00:00,348.251,40.0,388.251,1
2014-02-22 19:00:00,348.181,40.0,388.181,1
2014-01-06 18:00:00,348.178,40.0,388.178,1
2014-02-13 20:30:00,348.133,40.0,388.133,1
2014-02-14 18:00:00,347.891,40.0,387.891,1
2014-02-27 19:00:00,347.81,40.0,387.81,1
2013-02-03 21:30:00,347.679,40.0,387.679,1
2013-12-28 19:00:00,347.666,40.0,387.666,1
2014-02-07 20:00:00,347.586,40.0,387.586,1
2014-02-24 18:30:00,347.538,40.0,387.538,1
2013-01-19 13:30:00,387.502,0.0,387.502,1
2013-12-14 19:30:00,347.464,40.0,387.464,1
2013-12-30 20:00:00,347.406,40.0,387.406,1
2013-12-02 20:30:00,347.404,40.0,387.404,1
2014-01-24 20:00:00,347.374,40.0,387.374,1
2013-03-03 18:30:00,387.294,0.0,387.294,1
2014-01-19 18:30:00,347.254,40.0,387.254,1
2013-12-19 21:30:00,347.247,40.0,387.247,1
2013-03-10 18:30:00,387.146,0.0,387.146,1
2013-12-15 19:30:00,347.129,40.0,387.129,1
2013-03-18 19:30:00,387.057,0.0,387.057,1
2014-01-20 20:30:00,346.938,40.0,386.938,1
2014-02-21 19:30:00,346.907,40.0,386.907,1
2014-01-11 20:00:00,346.896,40.0,386.896,1
2013-12-13 20:00:00,346.788,40.0,386.788,1
2014-01-26 21:00:00,346.748,40.0,386.748,1
2013-12-21 19:30:00,346.748,40.0,386.748,1
2014-01-18 20:00:00,346.743,40.0,386.743,1
2013-03-23 18:30:00,386.663,0.0,386.663,1
2013-01-19 11:30:00,386.636,0.0,386.636,1
2014-02-13 18:00:00,346.558,40.0,386.558,1
2013-03-02 18:30:00,386.549,0.0,386.549,1
2014-01-10 20:00:00,346.525,40.0,386.525,1
2013-03-27 19:30:00,386.458,0.0,386.458,1
2013-12-05 20:30:00,346.41,40.0,386.41,1
2014-01-22 18:00:00,346.283,40.0,386.283,1
2013-01-11 21:00:00,346.275,40.0,386.275,1
2013-03-04 19:30:00,386.243,0.0,386.243,1
2013-12-13 18:00:00,346.17,40.0,386.17,1
2014-01-28 18:00:00,346.115,40.0,386.115,1
2013-03-22 20:00:00,386.114,0.0,386.114,1
2013-03-21 19:30:00,386.066,0.0,386.066,1
2014-02-18 20:00:00,346.024,40.0,386.024,1
2013-03-11 18:00:00,385.947,0.0,385.947,1
2013-02-09 17:30:00,385.925,0.0,385.925,1
2013-02-02 20:30:00,345.864,40.0,385.864,1
2014-01-21 21:00:00,345.766,40.0,385.766,1
2013-12-29 20:30:00,345.594,40.0,385.594,1
2014-02-10 18:00:00,345.571,40.0,385.571,1
2013-01-10 21:30:00,345.453,40.0,385.453,1
2013-02-01 20:30:00,345.407,40.0,385.407,1
2013-03-14 20:00:00,385.406,0.0,385.406,1
2014-02-03 18:00:00,345.218,40.0,385.218,1
2013-03-10 20:00:00,385.047,0.0,385.047,1
2014-01-14 20:30:00,344.911,40.0,384.911,1
2013-12-02 18:00:00,344.897,40.0,384.897,1
2013-01-31 20:30:00,344.867,40.0,384.867,1
2013-02-20 20:00:00,344.787,40.0,384.787,1
2013-12-14 18:00:00,344.755,40.0,384.755,1
2013-12-16 20:00:00,344.656,40.0,384.656,1
2014-02-05 20:30:00,344.635,40.0,384.635,1
2014-01-16 20:00:00,344.607,40.0,384.607,1
2014-02-11 21:00:00,344.535,40.0,384.535,1
2013-02-02 21:00:00,344.484,40.0,384.484,1
2013-12-18 18:00:00,344.479,40.0,384.479,1
2014-02-02 20:30:00,344.468,40.0,384.468,1
2013-12-09 20:30:00,344.378,40.0,384.378,1
2013-12-12 20:00:00,344.181,40.0,384.181,1
2014-02-13 21:00:00,344.076,40.0,384.076,1
2013-01-14 17:30:00,384.001,0.0,384.001,1
2014-01-06 21:00:00,343.9,40.0,383.9,1
2013-03-20 19:00:00,383.818,0.0,383.818,1
2014-01-05 21:30:00,343.81,40.0,383.81,1
2014-01-08 18:00:00,343.808,40.0,383.808,1
2014-02-25 19:00:00,343.766,40.0,383.766,1
2014-02-25 18:30:00,343.644,40.0,383.644,1
2013-12-24 20:30:00,343.538,40.0,383.538,1
2013-01-07 21:00:00,343.498,40.0,383.498,1
2013-12-20 20:00:00,343.39,40.0,383.39,1
2013-01-04 17:00:00,383.343,0.0,383.343,1
2013-03-12 18:30:00,383.324,0.0,383.324,1
2014-01-23 18:00:00,343.323,40.0,383.323,1
2013-12-07 19:00:00,343.322,40.0,383.322,1
2013-12-15 18:00:00,343.186,40.0,383.186,1
2014-01-15 20:30:00,342.965,40.0,382.965,1
2013-02-15 21:00:00,342.866,40.0,382.866,1
2014-01-17 20:00:00,342.745,40.0,382.745,1
2014-02-14 20:30:00,342.719,40.0,382.719,1
2014-02-26 18:30:00,342.698,40.0,382.698,1
2014-02-23 18:00:00,342.662,40.0,382.662,1
2014-01-13 21:00:00,342.617,40.0,382.617,1
2013-12-14 20:00:00,342.58,40.0,382.58,1
2014-02-04 21:00:00,342.524,40.0,382.524,1
2013-01-05 20:00:00,342.476,40.0,382.476,1
2013-02-20 18:30:00,342.455,40.0,382.455,1
2014-02-25 19:30:00,342.422,40.0,382.422,1
2013-01-12 21:30:00,342.332,40.0,382.332,1
2013-02-27 20:30:00,342.33,40.0,382.33,1
2013-12-02 20:00:00,342.116,40.0,382.116,1
2014-01-31 20:30:00,342.041,40.0,382.041,1
2014-01-10 18:00:00,342.035,40.0,382.035,1
2013-03-02 20:00:00,382.034,0.0,382.034,1
2013-02-19 20:30:00,341.972,40.0,381.972,1
2013-11-21 20:00:00,381.928,0.0,381.928,1
2013-12-26 19:30:00,341.803,40.0,381.803,1
2014-02-12 21:00:00,341.67,40.0,381.67,1
2013-02-16 20:00:00,341.594,40.0,381.594,1
2013-01-28 17:30:00,381.433,0.0,381.433,1
2014-01-09 21:00:00,341.368,40.0,381.368,1
2014-01-07 20:30:00,341.355,40.0,381.355,1
2014-01-13 20:30:00,341.294,40.0,381.294,1
2013-03-04 20:00:00,381.291,0.0,381.291,1
2014-01-29 21:00:00,341.274,40.0,381.274,1
2013-02-07 17:30:00,381.034,0.0,381.034,1
2013-12-06 20:00:00,341.0,40.0,381.0,1
2013-03-21 20:00:00,380.794,0.0,380.794,1
2014-01-29 20:30:00,340.722,40.0,380.722,1
2013-12-18 20:30:00,340.717,40.0,380.717,1
2014-02-16 20:30:00,340.705,40.0,380.705,1
2013-02-21 21:00:00,340.688,40.0,380.688,1
2013-11-25 19:00:00,380.662,0.0,380.662,1
2013-03-12 21:30:00,380.571,0.0,380.571,1
2013-01-29 21:30:00,340.56,40.0,380.56,1
2013-01-03 21:00:00,340.539,40.0,380.539,1
2013-12-12 18:00:00,340.522,40.0,380.522,1
2013-02-19 21:00:00,340.414,40.0,380.414,1
2013-02-17 21:30:00,340.37,40.0,380.37,1
2013-01-27 21:30:00,340.314,40.0,380.314,1
2013-03-21 19:00:00,380.264,0.0,380.264,1
2014-01-01 20:30:00,340.219,40.0,380.219,1
2013-01-19 13:00:00,380.16,0.0,380.16,1
2013-12-26 18:30:00,340.156,40.0,380.156,1
2013-12-07 18:30:00,340.058,40.0,380.058,1
2013-01-25 17:30:00,380.009,0.0,380.009,1
2013-03-14 18:30:00,379.997,0.0,379.997,1
2013-03-13 20:30:00,379.979,0.0,379.979,1
2014-02-17 18:00:00,339.947,40.0,379.947,1
2013-11-24 19:00:00,379.907,0.0,379.907,1
2013-02-22 21:30:00,339.896,40.0,379.896,1
2014-01-25 20:30:00,339.7,40.0,379.7,1
2013-01-10 17:30:00,379.699,0.0,379.699,1
2013-01-29 21:00:00,339.674,40.0,379.674,1
2014-01-19 19:00:00,339.63,40.0,379.63,1
2013-02-17 21:00:00,339.611,40.0,379.611,1
2014-02-21 18:30:00,339.546,40.0,379.546,1
2013-01-30 18:00:00,339.535,40.0,379.535,1
2013-02-27 18:30:00,339.51,40.0,379.51,1
2014-02-17 20:30:00,339.504,40.0,379.504,1
2013-12-27 20:00:00,339.468,40.0,379.468,1
2013-02-28 18:00:00,339.286,40.0,379.286,1
2013-01-04 16:30:00,379.232,0.0,379.232,1
2013-01-05 20:30:00,339.203,40.0,379.203,1
2014-02-22 18:30:00,339.124,40.0,379.124,1
2013-11-24 18:00:00,379.016,0.0,379.016,1
2014-01-12 17:30:00,379.016,0.0,379.016,1
2013-11-20 18:30:00,378.971,0.0,378.971,1
2014-02-15 18:00:00,338.841,40.0,378.841,1
2013-03-26 20:30:00,378.593,0.0,378.593,1
2014-02-24 20:00:00,338.552,40.0,378.552,1
2013-01-30 20:30:00,338.498,40.0,378.498,1
2014-02-19 18:30:00,338.488,40.0,378.488,1
2013-02-28 21:30:00,338.488,40.0,378.488,1
2013-02-08 21:30:00,338.372,40.0,378.372,1
2014-02-19 19:30:00,338.335,40.0,378.335,1
2013-12-11 21:00:00,338.3,40.0,378.3,1
2013-03-18 20:30:00,378.199,0.0,378.199,1
2014-02-05 21:00:00,338.158,40.0,378.158,1
2014-02-07 18:00:00,338.131,40.0,378.131,1
2013-03-09 19:30:00,377.99,0.0,377.99,1
2013-02-18 21:00:00,337.856,40.0,377.856,1
2014-02-27 18:30:00,337.808,40.0,377.808,1
2013-01-19 12:00:00,377.714,0.0,377.714,1
2013-02-20 20:30:00,337.678,40.0,377.678,1
2013-12-09 21:00:00,337.6,40.0,377.6,1
2014-01-27 21:00:00,337.597,40.0,377.597,1
2013-03-26 18:30:00,377.585,0.0,377.585,1
2013-03-21 20:30:00,377.573,0.0,377.573,1
2013-03-20 19:30:00,377.409,0.0,377.409,1
2013-11-10 19:00:00,377.349,0.0,377.349,1
2014-01-08 20:30:00,337.292,40.0,377.292,1
2013-01-30 21:00:00,337.124,40.0,377.124,1
2013-12-02 21:00:00,337.104,40.0,377.104,1
2013-12-26 19:00:00,337.103,40.0,377.103,1
2013-03-19 19:00:00,377.022,0.0,377.022,1
2013-03-19 20:00:00,377.016,0.0,377.016,1
2013-03-04 18:30:00,377.016,0.0,377.016,1
2013-02-08 21:00:00,336.912,40.0,376.912,1
2013-02-19 21:30:00,336.841,40.0,376.841,1
2013-01-17 22:00:00,376.66,0.0,376.66,1
2013-01-26 17:30:00,376.652,0.0,376.652,1
2014-01-01 20:00:00,336.63100000000003,40.0,376.63100000000003,1
2013-03-05 19:00:00,376.605,0.0,376.605,1
2013-02-01 21:00:00,336.563,40.0,376.563,1
2013-03-18 18:30:00,376.551,0.0,376.551,1
2013-03-10 20:30:00,376.336,0.0,376.336,1
2013-03-08 19:30:00,376.247,0.0,376.247,1
2013-03-22 18:30:00,376.201,0.0,376.201,1
2013-03-08 19:00:00,376.118,0.0,376.118,1
2013-12-28 20:00:00,336.052,40.0,376.052,1
2013-02-04 21:30:00,335.994,40.0,375.994,1
2013-02-01 21:30:00,335.974,40.0,375.974,1
2013-12-12 20:30:00,335.898,40.0,375.898,1
2013-03-07 19:00:00,375.885,0.0,375.885,1
2013-12-10 20:30:00,335.862,40.0,375.862,1
2013-03-01 18:30:00,375.832,0.0,375.832,1
2013-01-19 12:30:00,375.736,0.0,375.736,1
2013-01-06 21:00:00,335.651,40.0,375.651,1
2013-01-16 22:00:00,375.585,0.0,375.585,1
2013-12-06 20:30:00,335.47,40.0,375.47,1
2013-02-27 21:00:00,335.433,40.0,375.433,1
2013-01-19 11:00:00,375.387,0.0,375.387,1
2013-03-14 20:30:00,375.326,0.0,375.326,1
2013-12-26 18:00:00,335.301,40.0,375.301,1
2013-11-21 18:00:00,375.227,0.0,375.227,1
2013-12-08 20:30:00,335.165,40.0,375.165,1
2013-01-20 12:00:00,375.147,0.0,375.147,1
2013-12-15 20:00:00,335.102,40.0,375.102,1
2014-02-18 20:30:00,334.921,40.0,374.921,1
2013-01-04 20:30:00,334.895,40.0,374.895,1
2013-02-24 17:30:00,374.84,0.0,374.84,1
2013-11-20 19:00:00,374.821,0.0,374.821,1
2013-12-16 18:00:00,334.809,40.0,374.809,1
2014-01-05 17:00:00,374.576,0.0,374.576,1
2013-01-26 21:30:00,334.576,40.0,374.576,1
2014-01-29 21:30:00,334.427,40.0,374.427,1
2013-12-07 18:00:00,334.387,40.0,374.387,1
2013-03-23 18:00:00,374.355,0.0,374.355,1
2014-01-16 20:30:00,334.352,40.0,374.352,1
2013-03-17 19:30:00,374.313,0.0,374.313,1
2013-03-23 20:30:00,374.229,0.0,374.229,1
2013-01-15 17:30:00,374.197,0.0,374.197,1
2014-01-20 21:00:00,334.123,40.0,374.123,1
2014-01-02 20:30:00,334.099,40.0,374.099,1
2014-01-03 20:30:00,334.05,40.0,374.05,1
2014-01-22 20:30:00,334.002,40.0,374.002,1
2013-01-11 21:30:00,333.957,40.0,373.957,1
2014-02-19 19:00:00,333.653,40.0,373.653,1
2014-02-03 21:00:00,333.618,40.0,373.618,1
2013-11-10 18:30:00,373.412,0.0,373.412,1
2013-02-14 18:00:00,333.317,40.0,373.317,1
2014-01-23 20:30:00,333.202,40.0,373.202,1
2013-11-24 18:30:00,372.924,0.0,372.924,1
2014-02-22 19:30:00,332.864,40.0,372.864,1
2013-01-19 21:30:00,332.822,40.0,372.822,1
2013-12-04 20:30:00,332.796,40.0,372.796,1
2013-12-21 20:00:00,332.796,40.0,372.796,1
2013-12-03 21:00:00,332.769,40.0,372.769,1
2013-11-21 17:30:00,372.766,0.0,372.766,1
2013-01-30 21:30:00,332.718,40.0,372.718,1
2013-02-15 21:30:00,332.612,40.0,372.612,1
2013-12-23 20:30:00,332.436,40.0,372.436,1
2013-12-29 21:00:00,332.392,40.0,372.392,1
2014-02-06 20:30:00,332.297,40.0,372.297,1
2013-11-25 19:30:00,372.268,0.0,372.268,1
2014-01-14 21:00:00,332.237,40.0,372.237,1
2013-01-05 21:00:00,332.209,40.0,372.209,1
2013-01-22 17:00:00,372.124,0.0,372.124,1
2013-03-17 19:00:00,372.098,0.0,372.098,1
2014-01-24 20:30:00,332.076,40.0,372.076,1
2014-02-06 20:00:00,332.021,40.0,372.021,1
2013-12-10 21:00:00,331.892,40.0,371.892,1
2013-12-28 18:00:00,331.871,40.0,371.871,1
2013-12-20 20:30:00,331.819,40.0,371.819,1
2014-02-20 18:30:00,331.735,40.0,371.735,1
2013-01-13 16:30:00,371.609,0.0,371.609,1
2013-03-03 20:30:00,371.433,0.0,371.433,1
2013-11-24 19:30:00,371.38,0.0,371.38,1
2014-02-02 21:00:00,331.372,40.0,371.372,1
2014-02-21 20:00:00,331.201,40.0,371.201,1
2014-02-12 21:30:00,331.189,40.0,371.189,1
2014-01-04 20:30:00,331.175,40.0,371.175,1
2014-01-19 18:00:00,331.143,40.0,371.143,1
2013-02-03 17:00:00,371.138,0.0,371.138,1
2013-03-24 17:30:00,371.08,0.0,371.08,1
2014-02-27 20:00:00,331.051,40.0,371.051,1
2013-03-26 21:00:00,371.025,0.0,371.025,1
2014-01-17 18:00:00,330.948,40.0,370.948,1
2014-02-16 21:00:00,330.915,40.0,370.915,1
2014-02-17 21:00:00,330.803,40.0,370.803,1
2013-11-23 19:00:00,370.591,0.0,370.591,1
2013-11-19 19:00:00,370.533,0.0,370.533,1
2013-03-27 19:00:00,370.508,0.0,370.508,1
2014-02-27 19:30:00,330.462,40.0,370.462,1
2013-02-02 21:30:00,330.444,40.0,370.444,1
2013-03-05 19:30:00,370.374,0.0,370.374,1
2013-03-07 19:30:00,370.363,0.0,370.363,1
2014-01-28 21:30:00,330.279,40.0,370.279,1
2013-02-10 17:00:00,370.212,0.0,370.212,1
2013-03-20 20:00:00,370.044,0.0,370.044,1
2014-01-12 21:00:00,330.023,40.0,370.023,1
2013-12-16 21:00:00,329.994,40.0,369.994,1
2013-11-25 18:30:00,369.817,0.0,369.817,1
2013-11-17 19:00:00,369.766,0.0,369.766,1
2013-03-11 22:00:00,369.743,0.0,369.743,1
2014-02-13 21:30:00,329.705,40.0,369.705,1
2014-01-23 21:00:00,329.636,40.0,369.636,1
2013-03-21 21:00:00,369.636,0.0,369.636,1
2014-02-16 21:30:00,329.583,40.0,369.583,1
2014-01-13 21:30:00,329.563,40.0,369.563,1
2013-01-04 17:30:00,369.507,0.0,369.507,1
2014-01-18 20:30:00,329.414,40.0,369.414,1
2013-02-18 21:30:00,329.376,40.0,369.376,1
2013-03-09 20:00:00,369.372,0.0,369.372,1
2014-02-20 20:00:00,329.261,40.0,369.261,1
2013-12-01 21:00:00,329.254,40.0,369.254,1
2013-04-03 19:30:00,369.213,0.0,369.213,1
2013-03-26 21:30:00,369.093,0.0,369.093,1
2013-01-03 21:30:00,329.078,40.0,369.078,1
2014-02-19 20:00:00,329.065,40.0,369.065,1
2013-12-21 20:30:00,329.063,40.0,369.063,1
2013-12-30 20:30:00,329.016,40.0,369.016,1
2014-01-11 20:30:00,328.96,40.0,368.96,1
2014-02-09 21:30:00,328.946,40.0,368.946,1
2014-02-20 19:30:00,328.93,40.0,368.93,1
2013-03-09 19:00:00,368.838,0.0,368.838,1
2013-12-07 19:30:00,328.737,40.0,368.737,1
2013-12-22 21:00:00,328.67900000000003,40.0,368.67900000000003,1
2014-02-27 20:30:00,328.593,40.0,368.593,1
2013-03-09 18:30:00,368.549,0.0,368.549,1
2013-01-07 21:30:00,328.503,40.0,368.503,1
2014-02-20 19:00:00,328.501,40.0,368.501,1
2013-11-17 18:30:00,368.496,0.0,368.496,1
2013-02-23 17:30:00,368.453,0.0,368.453,1
2013-11-10 19:30:00,368.386,0.0,368.386,1
2013-03-13 21:00:00,368.366,0.0,368.366,1
2014-01-27 21:30:00,328.355,40.0,368.355,1
2014-02-04 21:30:00,328.274,40.0,368.274,1
2014-02-11 21:30:00,327.992,40.0,367.992,1
2013-02-05 22:00:00,367.936,0.0,367.936,1
2013-11-25 20:00:00,367.931,0.0,367.931,1
2013-01-20 11:00:00,367.859,0.0,367.859,1
2013-12-11 21:30:00,327.781,40.0,367.781,1
2014-01-26 21:30:00,327.76,40.0,367.76,1
2013-03-22 21:00:00,367.755,0.0,367.755,1
2013-01-08 21:00:00,327.7,40.0,367.7,1
2013-12-24 17:30:00,367.646,0.0,367.646,1
2013-01-20 11:30:00,367.643,0.0,367.643,1
2014-02-25 20:00:00,327.637,40.0,367.637,1
2014-01-24 21:00:00,327.613,40.0,367.613,1
2014-02-23 20:30:00,327.579,40.0,367.579,1
2014-01-07 21:00:00,327.569,40.0,367.569,1
2013-03-01 20:00:00,367.451,0.0,367.451,1
2013-01-19 10:30:00,367.338,0.0,367.338,1
2014-02-06 21:00:00,327.247,40.0,367.247,1
2013-12-16 20:30:00,327.234,40.0,367.234,1
2014-01-30 21:00:00,327.071,40.0,367.071,1
2013-01-27 17:30:00,367.048,0.0,367.048,1
2014-01-04 17:30:00,367.038,0.0,367.038,1
2014-02-03 21:30:00,327.013,40.0,367.013,1
2013-03-24 22:00:00,367.007,0.0,367.007,1
2013-11-17 19:30:00,366.971,0.0,366.971,1
2013-12-08 21:00:00,326.859,40.0,366.859,1
2013-01-24 17:00:00,366.847,0.0,366.847,1
2013-02-21 21:30:00,326.813,40.0,366.813,1
2013-01-06 21:30:00,326.802,40.0,366.802,1
2013-02-25 17:30:00,366.76,0.0,366.76,1
2014-02-08 20:30:00,326.759,40.0,366.759,1
2013-01-06 17:00:00,366.526,0.0,366.526,1
2013-03-02 20:30:00,366.518,0.0,366.518,1
2013-03-13 21:30:00,366.419,0.0,366.419,1
2013-12-30 21:00:00,326.332,40.0,366.332,1
2014-02-01 20:30:00,326.266,40.0,366.266,1
2013-11-22 19:00:00,366.248,0.0,366.248,1
2013-02-10 16:00:00,366.063,0.0,366.063,1
2013-12-26 20:00:00,326.00600000000003,40.0,366.00600000000003,1
2013-03-27 20:00:00,365.983,0.0,365.983,1
2013-12-23 21:00:00,325.909,40.0,365.909,1
2013-12-31 20:30:00,325.887,40.0,365.887,1
2014-02-18 21:00:00,325.885,40.0,365.885,1
2013-11-13 18:30:00,365.878,0.0,365.878,1
2013-02-16 20:30:00,325.848,40.0,365.848,1
2013-12-27 20:30:00,325.838,40.0,365.838,1
2014-01-17 20:30:00,325.715,40.0,365.715,1
2013-01-31 21:00:00,325.643,40.0,365.643,1
2014-01-15 21:30:00,325.629,40.0,365.629,1
2014-02-05 21:30:00,325.603,40.0,365.603,1
2013-12-08 21:30:00,325.568,40.0,365.568,1
2013-03-22 20:30:00,365.53,0.0,365.53,1
2014-01-01 17:30:00,365.418,0.0,365.418,1
2014-01-21 21:30:00,325.378,40.0,365.378,1
2014-02-09 21:00:00,325.36,40.0,365.36,1
2013-03-11 17:30:00,365.328,0.0,365.328,1
2013-12-05 21:30:00,325.244,40.0,365.244,1
2013-12-18 21:00:00,325.113,40.0,365.113,1
2013-02-19 18:00:00,325.068,40.0,365.068,1
2013-11-11 18:30:00,364.934,0.0,364.934,1
2013-01-25 22:00:00,364.932,0.0,364.932,1
2013-03-15 18:30:00,364.883,0.0,364.883,1
2013-03-12 22:00:00,364.865,0.0,364.865,1
2013-03-25 22:00:00,364.844,0.0,364.844,1
2013-02-11 22:00:00,364.815,0.0,364.815,1
2014-01-01 21:00:00,324.782,40.0,364.782,1
2013-02-12 17:30:00,364.762,0.0,364.762,1
2013-11-20 19:30:00,364.74,0.0,364.74,1
2013-01-22 22:00:00,364.677,0.0,364.677,1
2013-12-22 21:30:00,324.667,40.0,364.667,1
2014-01-10 20:30:00,324.626,40.0,364.626,1
2013-12-13 20:30:00,324.609,40.0,364.609,1
2014-01-22 21:00:00,324.565,40.0,364.565,1
2014-01-16 21:00:00,324.412,40.0,364.412,1
2013-01-04 21:00:00,324.339,40.0,364.339,1
2013-11-17 18:00:00,364.334,0.0,364.334,1
2014-02-14 21:00:00,324.28,40.0,364.28,1
2013-12-14 20:30:00,324.255,40.0,364.255,1
2013-03-06 19:00:00,364.177,0.0,364.177,1
2013-01-19 10:00:00,364.143,0.0,364.143,1
2014-01-22 21:30:00,324.13,40.0,364.13,1
2014-02-07 20:30:00,324.034,40.0,364.034,1
2014-02-26 20:30:00,324.031,40.0,364.031,1
2014-02-24 20:30:00,323.952,40.0,363.952,1
2014-01-31 21:00:00,323.813,40.0,363.813,1
2014-01-06 21:30:00,323.778,40.0,363.778,1
2013-03-10 21:00:00,363.767,0.0,363.767,1
2013-11-24 17:30:00,363.745,0.0,363.745,1
2013-11-10 20:00:00,363.68,0.0,363.68,1
2013-12-26 20:30:00,323.673,40.0,363.673,1
2014-01-14 21:30:00,323.601,40.0,363.601,1
2013-03-08 18:30:00,363.465,0.0,363.465,1
2013-03-25 18:00:00,363.416,0.0,363.416,1
2013-02-13 17:30:00,363.362,0.0,363.362,1
2013-02-10 16:30:00,363.325,0.0,363.325,1
2013-12-20 21:00:00,323.3,40.0,363.3,1
2013-01-08 21:30:00,323.252,40.0,363.252,1
2014-01-23 21:30:00,323.145,40.0,363.145,1
2013-11-11 19:00:00,363.091,0.0,363.091,1
2013-04-04 18:30:00,363.068,0.0,363.068,1
2013-03-10 18:00:00,362.954,0.0,362.954,1
2013-01-21 22:00:00,362.935,0.0,362.935,1
2013-12-15 17:00:00,362.935,0.0,362.935,1
2013-11-19 18:30:00,362.91,0.0,362.91,1
2013-12-17 21:00:00,322.495,40.0,362.495,1
2013-12-02 21:30:00,322.48,40.0,362.48,1
2013-01-09 21:30:00,322.434,40.0,362.434,1
2013-12-23 17:30:00,362.399,0.0,362.399,1
2013-11-19 19:30:00,362.348,0.0,362.348,1
2014-02-02 21:30:00,322.223,40.0,362.223,1
2014-01-02 21:00:00,322.195,40.0,362.195,1
2014-02-10 21:30:00,322.145,40.0,362.145,1
2013-01-15 22:00:00,362.095,0.0,362.095,1
2014-02-01 21:00:00,322.001,40.0,362.001,1
2014-01-30 21:30:00,322.001,40.0,362.001,1
2013-03-24 14:00:00,361.988,0.0,361.988,1
2013-11-19 20:00:00,361.881,0.0,361.881,1
2013-01-23 22:00:00,361.878,0.0,361.878,1
2014-01-09 21:30:00,321.865,40.0,361.865,1
2013-03-19 20:30:00,361.828,0.0,361.828,1
2014-02-24 18:00:00,321.799,40.0,361.799,1
2013-01-23 17:00:00,361.797,0.0,361.797,1
2013-03-03 21:00:00,361.797,0.0,361.797,1
2013-04-03 18:30:00,361.796,0.0,361.796,1
2013-12-07 20:00:00,321.776,40.0,361.776,1
2013-01-21 17:00:00,361.728,0.0,361.728,1
2014-02-22 20:00:00,321.552,40.0,361.552,1
2013-03-24 13:30:00,361.508,0.0,361.508,1
2013-12-01 21:30:00,321.409,40.0,361.409,1
2013-03-29 19:30:00,361.368,0.0,361.368,1
2013-12-24 21:00:00,321.363,40.0,361.363,1
2013-11-13 19:30:00,361.31,0.0,361.31,1
2014-01-03 21:00:00,321.297,40.0,361.297,1
2014-01-08 21:00:00,321.051,40.0,361.051,1
2013-12-03 21:30:00,320.97,40.0,360.97,1
2013-11-18 19:30:00,360.96,0.0,360.96,1
2014-01-20 21:30:00,320.926,40.0,360.926,1
2013-02-20 21:00:00,320.862,40.0,360.862,1
2013-01-31 21:30:00,320.835,40.0,360.835,1
2013-11-20 20:00:00,360.794,0.0,360.794,1
2013-11-23 18:30:00,360.739,0.0,360.739,1
2013-03-02 21:00:00,360.73,0.0,360.73,1
2014-01-19 19:30:00,320.647,40.0,360.647,1
2013-02-27 21:30:00,320.618,40.0,360.618,1
2013-03-05 18:30:00,360.608,0.0,360.608,1
2013-11-21 20:30:00,360.533,0.0,360.533,1
2013-12-17 21:30:00,320.512,40.0,360.512,1
2014-01-25 21:00:00,320.422,40.0,360.422,1
2014-02-19 20:30:00,320.405,40.0,360.405,1
2013-11-29 19:00:00,360.368,0.0,360.368,1
2013-03-14 21:00:00,360.209,0.0,360.209,1
2013-04-04 19:00:00,360.205,0.0,360.205,1
2014-01-11 21:00:00,320.198,40.0,360.198,1
2013-02-12 22:00:00,360.085,0.0,360.085,1
2013-03-07 20:30:00,360.027,0.0,360.027,1
2013-03-07 18:30:00,359.992,0.0,359.992,1
2013-04-04 20:30:00,359.933,0.0,359.933,1
2013-12-15 16:30:00,359.904,0.0,359.904,1
2013-12-08 17:30:00,359.583,0.0,359.583,1
2013-11-06 18:30:00,359.515,0.0,359.515,1
2013-03-13 22:00:00,359.46,0.0,359.46,1
2014-02-27 21:00:00,319.451,40.0,359.451,1
2013-11-15 18:30:00,359.421,0.0,359.421,1
2013-02-24 14:00:00,359.398,0.0,359.398,1
2013-01-11 17:30:00,359.358,0.0,359.358,1
2013-12-04 21:00:00,319.199,40.0,359.199,1
2013-03-04 20:30:00,359.192,0.0,359.192,1
2014-02-25 20:30:00,319.041,40.0,359.041,1
2013-01-24 22:00:00,358.922,0.0,358.922,1
2013-04-04 20:00:00,358.908,0.0,358.908,1
2013-11-22 20:00:00,358.88,0.0,358.88,1
2013-03-20 18:30:00,358.768,0.0,358.768,1
2013-12-28 20:30:00,318.683,40.0,358.683,1
2013-11-22 19:30:00,358.595,0.0,358.595,1
2013-03-15 20:00:00,358.475,0.0,358.475,1
2013-04-04 19:30:00,358.39,0.0,358.39,1
2013-02-09 17:00:00,358.296,0.0,358.296,1
2013-12-18 21:30:00,318.238,40.0,358.238,1
2013-03-07 20:00:00,358.192,0.0,358.192,1
2013-12-19 17:30:00,358.073,0.0,358.073,1
2013-12-13 21:00:00,317.916,40.0,357.916,1
2013-03-09 20:30:00,357.894,0.0,357.894,1
2013-03-20 20:30:00,357.837,0.0,357.837,1
2013-03-05 20:00:00,357.752,0.0,357.752,1
2013-11-18 20:00:00,357.587,0.0,357.587,1
2013-04-03 19:00:00,357.404,0.0,357.404,1
2014-01-07 21:30:00,317.356,40.0,357.356,1
2013-01-04 21:30:00,317.349,40.0,357.349,1
2014-01-18 17:30:00,357.29,0.0,357.29,1
2013-01-25 10:30:00,357.201,0.0,357.201,1
2013-12-24 21:30:00,317.096,40.0,357.096,1
2013-01-17 22:30:00,356.913,0.0,356.913,1
2013-01-16 22:30:00,356.897,0.0,356.897,1
2013-11-20 20:30:00,356.89,0.0,356.89,1
2014-01-12 21:30:00,316.872,40.0,356.872,1
2014-01-19 20:00:00,316.852,40.0,356.852,1
2014-01-12 17:00:00,356.851,0.0,356.851,1
2013-12-10 21:30:00,316.842,40.0,356.842,1
2013-02-10 15:00:00,356.8,0.0,356.8,1
2013-02-24 13:30:00,356.769,0.0,356.769,1
2014-01-31 21:30:00,316.76,40.0,356.76,1
2013-01-05 21:30:00,316.703,40.0,356.703,1
2013-11-20 18:00:00,356.676,0.0,356.676,1
2013-11-14 18:30:00,356.533,0.0,356.533,1
2013-12-12 21:00:00,316.484,40.0,356.484,1
2013-12-29 21:30:00,316.438,40.0,356.438,1
2013-03-08 20:00:00,356.401,0.0,356.401,1
2013-01-20 10:30:00,356.381,0.0,356.381,1
2013-12-31 21:00:00,316.29,40.0,356.29,1
2013-01-28 17:00:00,356.205,0.0,356.205,1
2013-12-20 21:30:00,316.123,40.0,356.123,1
2013-02-10 13:30:00,356.12,0.0,356.12,1
2014-02-26 21:00:00,316.022,40.0,356.022,1
2014-01-04 17:00:00,356.022,0.0,356.022,1
2014-02-18 21:30:00,315.994,40.0,355.994,1
2013-12-30 21:30:00,315.906,40.0,355.906,1
2013-02-16 21:00:00,315.849,40.0,355.849,1
2013-02-02 17:30:00,355.803,0.0,355.803,1
2013-03-10 21:30:00,355.788,0.0,355.788,1
2013-03-24 13:00:00,355.743,0.0,355.743,1
2013-03-23 17:30:00,355.672,0.0,355.672,1
2013-11-14 19:30:00,355.661,0.0,355.661,1
2013-12-15 20:30:00,315.624,40.0,355.624,1
2013-01-25 09:00:00,355.559,0.0,355.559,1
2013-11-13 19:00:00,355.551,0.0,355.551,1
2013-12-16 21:30:00,315.546,40.0,355.546,1
2013-11-12 19:00:00,355.347,0.0,355.347,1
2013-12-22 17:30:00,355.296,0.0,355.296,1
2014-01-15 21:00:00,315.19,40.0,355.19,1
2013-03-16 19:00:00,355.159,0.0,355.159,1
2013-03-03 21:30:00,355.133,0.0,355.133,1
2013-03-18 21:00:00,355.054,0.0,355.054,1
2013-12-27 21:00:00,314.933,40.0,354.933,1
2013-02-03 16:30:00,354.93,0.0,354.93,1
2013-01-14 22:00:00,354.861,0.0,354.861,1
2013-01-12 17:00:00,354.808,0.0,354.808,1
2013-02-24 17:00:00,354.701,0.0,354.701,1
2013-12-12 21:30:00,314.651,40.0,354.651,1
2014-02-27 21:30:00,314.65,40.0,354.65,1
2013-01-25 17:00:00,354.639,0.0,354.639,1
2013-01-18 16:30:00,354.581,0.0,354.581,1
2013-04-01 19:30:00,354.541,0.0,354.541,1
2013-01-29 17:30:00,354.438,0.0,354.438,1
2013-02-24 13:00:00,354.436,0.0,354.436,1
2013-11-28 19:30:00,354.403,0.0,354.403,1
2014-01-04 21:00:00,314.292,40.0,354.292,1
2013-02-20 18:00:00,314.24,40.0,354.24,1
2013-02-10 15:30:00,354.234,0.0,354.234,1
