datetime,total_demand_kwh,ev_load_kwh,simulated_demand_kwh,simulated_stress_event
2013-01-18 19:00:00,464.916,80.0,544.9159999999999,1
2013-02-05 19:00:00,458.238,80.0,538.238,1
2013-02-05 19:30:00,457.803,80.0,537.803,1
2013-01-18 18:30:00,457.741,80.0,537.741,1
2013-01-17 19:30:00,454.107,80.0,534.107,1
2013-01-18 19:30:00,452.529,80.0,532.529,1
2013-02-05 20:00:00,446.926,80.0,526.9259999999999,1
2013-01-13 18:00:00,445.909,80.0,525.909,1
2013-02-05 18:30:00,445.888,80.0,525.8879999999999,1
2013-01-17 19:00:00,445.821,80.0,525.821,1
2013-01-21 19:00:00,443.979,80.0,523.979,1
2013-01-21 19:30:00,443.365,80.0,523.365,1
2013-01-22 19:00:00,442.193,80.0,522.193,1
2013-01-13 18:30:00,440.197,80.0,520.197,1
2013-03-11 19:30:00,439.335,80.0,519.335,1
2013-02-05 18:00:00,438.898,80.0,518.898,1
2013-01-23 18:30:00,438.815,80.0,518.815,1
2013-01-23 19:00:00,438.405,80.0,518.405,1
2013-01-15 19:00:00,438.314,80.0,518.3140000000001,1
2013-03-11 20:00:00,438.219,80.0,518.219,1
2013-01-22 18:30:00,438.194,80.0,518.194,1
2013-03-11 19:00:00,436.664,80.0,516.664,1
2013-03-24 19:00:00,436.343,80.0,516.3430000000001,1
2013-03-24 19:30:00,436.213,80.0,516.213,1
2013-03-25 19:30:00,435.857,80.0,515.857,1
2013-01-13 19:00:00,435.428,80.0,515.428,1
2013-01-24 19:00:00,434.842,80.0,514.842,1
2013-01-20 18:30:00,434.653,80.0,514.653,1
2013-01-22 19:30:00,432.699,80.0,512.6990000000001,1
2013-01-16 18:30:00,432.44,80.0,512.44,1
2013-01-14 19:00:00,431.883,80.0,511.883,1
2013-01-21 18:30:00,431.597,80.0,511.597,1
2013-01-24 18:30:00,431.04,80.0,511.04,1
2013-01-25 19:30:00,430.488,80.0,510.488,1
2013-02-10 18:30:00,430.057,80.0,510.057,1
2013-02-09 19:00:00,429.418,80.0,509.418,1
2013-01-21 20:00:00,429.403,80.0,509.403,1
2013-01-23 19:30:00,429.381,80.0,509.381,1
2013-01-16 19:30:00,429.114,80.0,509.114,1
2013-01-20 19:00:00,429.073,80.0,509.073,1
2013-01-25 19:00:00,428.795,80.0,508.795,1
2013-02-07 19:00:00,428.108,80.0,508.108,1
2013-02-05 20:30:00,428.095,80.0,508.095,1
2013-01-28 19:30:00,428.06,80.0,508.06,1
2013-02-12 19:00:00,427.792,80.0,507.792,1
2013-01-16 19:00:00,427.706,80.0,507.706,1
2013-01-15 19:30:00,427.621,80.0,507.621,1
2013-01-18 18:00:00,427.579,80.0,507.579,1
2013-01-13 19:30:00,427.445,80.0,507.445,1
2013-01-14 19:30:00,427.12,80.0,507.12,1
2013-02-07 19:30:00,427.036,80.0,507.036,1
2013-02-10 19:00:00,426.632,80.0,506.632,1
2013-01-17 20:00:00,426.614,80.0,506.614,1
2013-01-17 18:30:00,426.489,80.0,506.489,1
2013-01-21 18:00:00,426.381,80.0,506.381,1
2013-01-14 20:00:00,425.487,80.0,505.487,1
2013-03-26 19:30:00,424.886,80.0,504.886,1
2013-01-15 18:30:00,424.398,80.0,504.398,1
2013-01-12 18:30:00,424.311,80.0,504.311,1
2013-12-01 19:00:00,424.263,80.0,504.263,1
2013-02-09 18:30:00,423.784,80.0,503.784,1
2013-03-12 20:00:00,423.68,80.0,503.68,1
2013-03-11 20:30:00,422.902,80.0,502.902,1
2013-02-03 19:30:00,422.431,80.0,502.431,1
2013-03-11 18:30:00,421.159,80.0,501.159,1
2013-02-10 19:30:00,421.111,80.0,501.111,1
2013-03-12 19:30:00,420.979,80.0,500.979,1
2013-01-10 19:00:00,420.972,80.0,500.972,1
2013-02-07 18:30:00,420.964,80.0,500.964,1
2013-02-24 19:30:00,420.455,80.0,500.455,1
2013-01-28 19:00:00,419.958,80.0,499.958,1
2013-01-17 20:30:00,419.619,80.0,499.619,1
2013-01-18 20:00:00,419.576,80.0,499.576,1
2013-02-24 19:00:00,419.572,80.0,499.572,1
2013-03-12 19:00:00,419.569,80.0,499.569,1
2013-01-25 20:00:00,419.286,80.0,499.286,1
2013-02-10 18:00:00,418.729,80.0,498.729,1
2013-03-12 20:30:00,418.575,80.0,498.575,1
2013-12-01 18:30:00,418.574,80.0,498.574,1
2013-01-20 18:00:00,418.297,80.0,498.297,1
2013-12-01 18:00:00,417.992,80.0,497.992,1
2013-01-24 19:30:00,417.897,80.0,497.897,1
2013-02-03 18:00:00,416.888,80.0,496.888,1
2013-11-21 19:00:00,416.762,80.0,496.762,1
2013-02-12 19:30:00,416.73,80.0,496.73,1
2013-02-12 20:00:00,416.653,80.0,496.653,1
2013-02-09 18:00:00,416.111,80.0,496.111,1
2013-01-25 18:30:00,415.978,80.0,495.978,1
2013-01-14 18:30:00,415.822,80.0,495.822,1
2013-03-25 19:00:00,414.791,80.0,494.791,1
2013-02-06 19:30:00,414.789,80.0,494.789,1
2013-03-24 20:00:00,414.719,80.0,494.719,1
2013-01-13 20:00:00,414.698,80.0,494.698,1
2013-01-16 18:00:00,414.404,80.0,494.404,1
2013-02-25 19:00:00,414.326,80.0,494.326,1
2013-03-03 19:30:00,414.117,80.0,494.117,1
2013-03-23 19:30:00,414.017,80.0,494.017,1
2013-12-01 19:30:00,413.761,80.0,493.761,1
2013-01-16 20:30:00,413.728,80.0,493.728,1
2013-02-03 18:30:00,413.72,80.0,493.72,1
2013-01-22 20:30:00,413.554,80.0,493.554,1
2013-02-26 19:00:00,413.493,80.0,493.493,1
2014-01-05 18:30:00,413.463,80.0,493.463,1
2013-02-03 19:00:00,413.231,80.0,493.231,1
2013-01-22 20:00:00,412.972,80.0,492.972,1
2013-03-11 21:00:00,412.735,80.0,492.735,1
2013-01-23 20:00:00,412.651,80.0,492.651,1
2013-01-12 19:00:00,412.561,80.0,492.561,1
2013-02-09 19:30:00,412.304,80.0,492.304,1
2013-01-26 19:00:00,412.105,80.0,492.105,1
2013-01-28 18:30:00,411.849,80.0,491.849,1
2013-01-20 19:30:00,411.648,80.0,491.648,1
2013-02-13 19:00:00,411.451,80.0,491.451,1
2013-02-12 18:30:00,411.442,80.0,491.442,1
2013-01-19 18:00:00,411.185,80.0,491.185,1
2013-02-26 18:30:00,410.694,80.0,490.694,1
2013-01-23 18:00:00,410.649,80.0,490.649,1
2013-01-14 20:30:00,410.646,80.0,490.646,1
2013-02-24 18:30:00,410.44,80.0,490.44,1
2013-03-25 20:00:00,410.129,80.0,490.129,1
2014-01-05 19:00:00,410.123,80.0,490.123,1
2014-01-05 19:30:00,409.854,80.0,489.854,1
2013-01-16 20:00:00,409.788,80.0,489.788,1
2013-02-26 19:30:00,409.753,80.0,489.753,1
2013-01-17 18:00:00,409.661,80.0,489.661,1
2013-02-25 18:30:00,408.84,80.0,488.84,1
2013-03-13 19:00:00,408.79,80.0,488.79,1
2013-02-06 18:30:00,408.77,80.0,488.77,1
2013-03-13 19:30:00,408.487,80.0,488.487,1
2013-01-26 18:30:00,407.909,80.0,487.909,1
2013-02-07 20:00:00,407.75,80.0,487.75,1
2013-02-22 19:00:00,407.657,80.0,487.657,1
2013-01-13 20:30:00,407.306,80.0,487.306,1
2013-02-13 18:30:00,406.792,80.0,486.792,1
2013-01-17 21:00:00,406.551,80.0,486.551,1
2013-02-13 19:30:00,406.493,80.0,486.493,1
2013-03-10 19:00:00,406.327,80.0,486.327,1
2013-02-23 19:00:00,406.026,80.0,486.026,1
2013-02-23 18:30:00,405.987,80.0,485.987,1
2013-03-24 20:30:00,405.917,80.0,485.917,1
2014-01-12 18:30:00,405.766,80.0,485.766,1
2013-01-24 20:00:00,405.655,80.0,485.655,1
2013-01-10 19:30:00,405.638,80.0,485.638,1
2013-01-10 18:30:00,405.589,80.0,485.589,1
2013-03-24 18:30:00,405.177,80.0,485.177,1
2013-02-24 20:00:00,405.177,80.0,485.177,1
2013-02-04 19:00:00,405.172,80.0,485.172,1
2013-01-15 20:00:00,404.991,80.0,484.991,1
2013-03-14 19:30:00,404.886,80.0,484.886,1
2013-03-26 19:00:00,404.717,80.0,484.717,1
2013-11-21 18:30:00,404.567,80.0,484.567,1
2013-02-10 20:00:00,404.269,80.0,484.269,1
2013-01-21 20:30:00,404.175,80.0,484.175,1
2013-02-25 20:00:00,404.165,80.0,484.165,1
2013-01-28 20:00:00,403.699,80.0,483.699,1
2013-01-19 19:30:00,403.54,80.0,483.54,1
2013-03-10 19:30:00,403.219,80.0,483.219,1
2013-02-05 21:00:00,403.14,80.0,483.14,1
2013-01-19 19:00:00,403.107,80.0,483.107,1
2013-01-15 20:30:00,402.935,80.0,482.935,1
2013-01-25 18:00:00,402.91,80.0,482.91,1
2013-01-06 18:30:00,402.889,80.0,482.889,1
2013-01-12 18:00:00,402.78,80.0,482.78,1
2013-01-25 20:30:00,402.619,80.0,482.619,1
2013-01-18 20:30:00,402.47,80.0,482.47,1
2013-01-26 19:30:00,402.41,80.0,482.41,1
2013-02-08 19:30:00,402.382,80.0,482.382,1
2013-02-06 19:00:00,402.374,80.0,482.374,1
2013-01-22 18:00:00,402.002,80.0,482.002,1
2013-01-11 18:30:00,401.817,80.0,481.817,1
2013-01-11 19:30:00,401.786,80.0,481.786,1
2013-01-16 21:00:00,401.785,80.0,481.785,1
2013-03-23 19:00:00,401.703,80.0,481.703,1
2013-03-26 20:00:00,401.609,80.0,481.609,1
2013-03-03 19:00:00,401.585,80.0,481.585,1
2013-01-21 21:00:00,401.215,80.0,481.215,1
2013-02-22 19:30:00,401.152,80.0,481.152,1
2013-02-11 20:30:00,401.128,80.0,481.128,1
2013-03-04 19:00:00,400.965,80.0,480.965,1
2013-03-13 20:00:00,400.775,80.0,480.775,1
2014-02-09 18:30:00,400.698,80.0,480.698,1
2013-01-06 19:00:00,400.652,80.0,480.652,1
2013-01-14 18:00:00,400.439,80.0,480.439,1
2013-01-27 18:30:00,400.423,80.0,480.423,1
2013-01-19 18:30:00,400.059,80.0,480.059,1
2013-03-25 20:30:00,400.005,80.0,480.005,1
2013-01-15 18:00:00,399.931,80.0,479.931,1
2013-01-14 21:00:00,399.92,80.0,479.92,1
2013-02-12 20:30:00,399.859,80.0,479.859,1
2013-01-12 19:30:00,399.644,80.0,479.644,1
2013-01-27 19:30:00,399.447,80.0,479.447,1
2013-02-23 19:30:00,399.298,80.0,479.298,1
2013-03-23 20:00:00,399.266,80.0,479.266,1
2013-02-25 20:30:00,399.229,80.0,479.229,1
2013-01-29 19:00:00,399.042,80.0,479.042,1
2013-12-19 19:00:00,398.868,80.0,478.868,1
2013-02-07 20:30:00,398.785,80.0,478.785,1
2013-02-04 19:30:00,398.762,80.0,478.762,1
2013-01-22 21:00:00,398.479,80.0,478.479,1
2013-03-14 19:00:00,398.433,80.0,478.433,1
2013-01-23 20:30:00,398.335,80.0,478.335,1
2013-02-25 19:30:00,398.295,80.0,478.295,1
2013-01-28 18:00:00,398.149,80.0,478.149,1
2013-11-21 19:30:00,398.001,80.0,478.001,1
2013-03-25 18:30:00,397.955,80.0,477.955,1
2013-02-26 20:00:00,397.954,80.0,477.954,1
2014-01-05 18:00:00,397.943,80.0,477.943,1
2013-01-11 19:00:00,397.893,80.0,477.893,1
2013-02-17 19:30:00,397.831,80.0,477.831,1
2013-01-20 20:00:00,397.784,80.0,477.784,1
2013-01-06 18:00:00,397.594,80.0,477.594,1
2013-02-06 20:00:00,397.387,80.0,477.387,1
2013-01-13 21:00:00,397.163,80.0,477.163,1
2013-03-25 21:00:00,396.879,80.0,476.879,1
2013-03-22 19:30:00,396.82,80.0,476.82,1
2013-02-04 18:30:00,396.81,80.0,476.81,1
2013-03-11 21:30:00,396.663,80.0,476.663,1
2013-01-07 19:00:00,396.507,80.0,476.507,1
2014-01-29 19:00:00,396.345,80.0,476.345,1
2014-01-12 19:00:00,396.284,80.0,476.284,1
2013-02-23 18:00:00,395.781,80.0,475.781,1
2014-01-26 18:30:00,395.73,80.0,475.73,1
2013-02-15 19:00:00,395.722,80.0,475.722,1
2013-01-24 18:00:00,395.633,80.0,475.633,1
2013-03-12 21:00:00,395.267,80.0,475.267,1
2013-02-24 18:00:00,395.253,80.0,475.253,1
2013-02-12 21:00:00,395.121,80.0,475.121,1
2013-01-27 20:00:00,395.055,80.0,475.055,1
2013-03-02 19:00:00,394.97,80.0,474.97,1
2014-01-26 19:30:00,394.564,80.0,474.564,1
2013-02-11 21:00:00,394.49,80.0,474.49,1
2013-02-17 19:00:00,394.466,80.0,474.466,1
2013-01-24 20:30:00,394.443,80.0,474.443,1
2013-03-22 19:00:00,394.35,80.0,474.35,1
2013-01-06 19:30:00,394.296,80.0,474.296,1
2013-01-10 18:00:00,394.279,80.0,474.279,1
2013-03-18 20:00:00,394.193,80.0,474.193,1
2013-02-03 20:00:00,394.009,80.0,474.009,1
2013-03-25 21:30:00,393.875,80.0,473.875,1
2014-02-12 19:00:00,393.83,80.0,473.83,1
2014-01-26 19:00:00,393.682,80.0,473.682,1
2013-02-07 21:00:00,393.654,80.0,473.654,1
2013-03-01 19:00:00,393.613,80.0,473.613,1
2013-02-24 20:30:00,393.512,80.0,473.512,1
2013-02-23 20:00:00,393.291,80.0,473.291,1
2013-02-09 20:00:00,393.223,80.0,473.223,1
2013-03-24 21:30:00,393.198,80.0,473.198,1
2013-01-11 18:00:00,393.103,80.0,473.103,1
2013-01-05 18:30:00,392.521,80.0,472.521,1
2013-02-26 20:30:00,392.486,80.0,472.486,1
2013-12-19 19:30:00,392.415,80.0,472.415,1
2013-12-23 18:30:00,392.386,80.0,472.386,1
2013-02-13 20:00:00,392.368,80.0,472.368,1
2013-02-02 19:00:00,392.28,80.0,472.28,1
2014-01-29 18:30:00,392.103,80.0,472.103,1
2013-01-15 21:00:00,392.091,80.0,472.091,1
2013-01-03 19:00:00,391.905,80.0,471.905,1
2013-03-19 19:30:00,391.723,80.0,471.723,1
2013-03-13 18:30:00,391.535,80.0,471.535,1
2013-02-07 18:00:00,391.5,80.0,471.5,1
2013-03-18 19:00:00,391.477,80.0,471.477,1
2013-03-24 21:00:00,391.44,80.0,471.44,1
2014-01-12 19:30:00,391.412,80.0,471.412,1
2014-01-27 19:30:00,391.406,80.0,471.406,1
2014-01-27 19:00:00,391.254,80.0,471.254,1
2013-01-12 20:00:00,391.211,80.0,471.211,1
2013-01-28 21:00:00,391.188,80.0,471.188,1
2013-12-11 19:00:00,391.149,80.0,471.149,1
2013-01-27 19:00:00,391.101,80.0,471.101,1
2014-02-02 18:30:00,391.067,80.0,471.067,1
2013-02-28 19:30:00,390.956,80.0,470.956,1
2013-01-26 18:00:00,390.686,80.0,470.686,1
2013-03-01 19:30:00,390.569,80.0,470.569,1
2013-01-29 19:30:00,390.421,80.0,470.421,1
2013-02-02 18:30:00,390.308,80.0,470.308,1
2013-01-09 19:00:00,390.27,80.0,470.27,1
2013-01-03 19:30:00,390.105,80.0,470.105,1
2014-01-31 19:00:00,389.996,80.0,469.996,1
2013-03-15 19:00:00,389.814,80.0,469.814,1
2013-02-05 21:30:00,389.713,80.0,469.713,1
2014-01-27 18:30:00,389.695,80.0,469.695,1
2013-02-28 19:00:00,389.594,80.0,469.594,1
2014-01-28 19:30:00,389.548,80.0,469.548,1
2013-02-14 19:00:00,389.529,80.0,469.529,1
2013-03-03 20:00:00,389.272,80.0,469.272,1
2013-01-10 20:00:00,388.889,80.0,468.889,1
2013-01-17 21:30:00,388.856,80.0,468.856,1
2013-02-13 18:00:00,388.827,80.0,468.827,1
2014-02-10 19:00:00,388.736,80.0,468.736,1
2013-03-24 18:00:00,388.665,80.0,468.665,1
2014-02-10 19:30:00,388.625,80.0,468.625,1
2013-03-02 19:30:00,388.503,80.0,468.503,1
2013-01-03 18:30:00,388.485,80.0,468.485,1
2014-02-02 19:00:00,388.322,80.0,468.322,1
2013-03-15 19:30:00,388.272,80.0,468.272,1
2014-02-03 19:00:00,388.236,80.0,468.236,1
2013-02-10 20:30:00,387.702,80.0,467.702,1
2014-02-02 19:30:00,387.543,80.0,467.543,1
2013-01-09 19:30:00,387.475,80.0,467.475,1
2013-02-22 20:00:00,387.377,80.0,467.377,1
2014-02-12 18:30:00,387.329,80.0,467.329,1
2013-03-03 18:30:00,387.294,80.0,467.294,1
2013-02-25 18:00:00,387.28,80.0,467.28,1
2013-02-01 19:30:00,387.266,80.0,467.266,1
2013-12-31 19:00:00,387.229,80.0,467.229,1
2013-03-10 18:30:00,387.146,80.0,467.146,1
2014-02-14 19:30:00,387.125,80.0,467.125,1
2013-01-20 20:30:00,387.121,80.0,467.121,1
2013-12-23 19:00:00,387.11,80.0,467.11,1
2013-03-18 19:30:00,387.057,80.0,467.057,1
2014-01-31 19:30:00,386.952,80.0,466.952,1
2013-02-02 18:00:00,386.915,80.0,466.915,1
2013-02-15 18:30:00,386.869,80.0,466.869,1
2013-03-23 18:30:00,386.663,80.0,466.663,1
2014-02-11 19:00:00,386.615,80.0,466.615,1
2013-03-02 18:30:00,386.549,80.0,466.549,1
2013-03-27 19:30:00,386.458,80.0,466.458,1
2013-01-22 21:30:00,386.386,80.0,466.386,1
2013-12-17 19:00:00,386.374,80.0,466.374,1
2013-12-19 18:30:00,386.363,80.0,466.363,1
2013-02-08 19:00:00,386.245,80.0,466.245,1
2013-03-04 19:30:00,386.243,80.0,466.243,1
2014-01-12 18:00:00,386.152,80.0,466.152,1
2013-03-22 20:00:00,386.114,80.0,466.114,1
2013-03-21 19:30:00,386.066,80.0,466.066,1
2013-02-24 21:00:00,385.954,80.0,465.954,1
2013-03-11 18:00:00,385.947,80.0,465.947,1
2013-02-11 19:30:00,385.879,80.0,465.879,1
2013-02-12 18:00:00,385.833,80.0,465.833,1
2014-01-05 20:00:00,385.765,80.0,465.765,1
2014-02-12 19:30:00,385.749,80.0,465.749,1
2013-03-14 20:00:00,385.406,80.0,465.406,1
2013-03-10 20:00:00,385.047,80.0,465.047,1
2013-01-08 18:30:00,385.009,80.0,465.009,1
2013-12-11 19:30:00,384.545,80.0,464.545,1
2014-01-18 18:30:00,384.305,80.0,464.305,1
2013-02-18 19:30:00,384.277,80.0,464.277,1
2013-02-08 18:30:00,384.229,80.0,464.229,1
2013-01-26 20:00:00,383.905,80.0,463.905,1
2014-01-28 19:00:00,383.887,80.0,463.887,1
2013-03-20 19:00:00,383.818,80.0,463.818,1
2013-01-07 18:30:00,383.614,80.0,463.614,1
2013-01-04 18:30:00,383.493,80.0,463.493,1
2014-02-13 19:30:00,383.417,80.0,463.417,1
2013-12-01 20:00:00,383.34,80.0,463.34,1
2013-03-12 18:30:00,383.324,80.0,463.324,1
2013-02-02 19:30:00,383.194,80.0,463.194,1
2014-02-14 19:00:00,382.803,80.0,462.803,1
2014-02-16 19:00:00,382.773,80.0,462.773,1
2013-12-24 19:00:00,382.58,80.0,462.58,1
2014-01-30 19:00:00,382.54,80.0,462.54,1
2014-02-09 19:00:00,382.508,80.0,462.508,1
2013-02-15 19:30:00,382.503,80.0,462.503,1
2013-12-05 19:00:00,382.48,80.0,462.48,1
2013-01-23 21:00:00,382.413,80.0,462.413,1
2013-01-16 21:30:00,382.338,80.0,462.338,1
2013-01-07 19:30:00,382.299,80.0,462.299,1
2013-02-18 19:00:00,382.093,80.0,462.093,1
2014-01-03 19:00:00,382.086,80.0,462.086,1
2013-02-01 19:00:00,382.072,80.0,462.072,1
2013-01-05 19:00:00,382.064,80.0,462.064,1
2013-03-02 20:00:00,382.034,80.0,462.034,1
2014-02-09 18:00:00,381.972,80.0,461.972,1
2013-01-27 18:00:00,381.967,80.0,461.967,1
2013-12-31 19:30:00,381.966,80.0,461.966,1
2013-11-21 20:00:00,381.928,80.0,461.928,1
2013-12-24 19:30:00,381.812,80.0,461.812,1
2013-02-06 18:00:00,381.494,80.0,461.494,1
2013-01-04 19:00:00,381.407,80.0,461.407,1
2014-02-04 19:00:00,381.402,80.0,461.402,1
2013-02-09 20:30:00,381.294,80.0,461.294,1
2013-03-04 20:00:00,381.291,80.0,461.291,1
2013-12-08 18:30:00,381.287,80.0,461.287,1
2013-01-08 19:30:00,381.156,80.0,461.156,1
2013-01-29 18:30:00,381.021,80.0,461.021,1
2013-01-25 21:00:00,380.849,80.0,460.849,1
2013-01-09 18:30:00,380.834,80.0,460.834,1
2013-03-21 20:00:00,380.794,80.0,460.794,1
2013-11-25 19:00:00,380.662,80.0,460.662,1
2013-02-14 19:30:00,380.639,80.0,460.639,1
2014-02-14 18:30:00,380.585,80.0,460.585,1
2013-03-12 21:30:00,380.571,80.0,460.571,1
2013-02-11 21:30:00,380.563,80.0,460.563,1
2013-12-17 19:30:00,380.559,80.0,460.559,1
2013-02-28 18:30:00,380.275,80.0,460.275,1
2013-03-21 19:00:00,380.264,80.0,460.264,1
2013-12-17 18:30:00,380.203,80.0,460.203,1
2014-01-25 19:00:00,380.191,80.0,460.191,1
2013-03-14 18:30:00,379.997,80.0,459.997,1
2013-03-13 20:30:00,379.979,80.0,459.979,1
2013-11-24 19:00:00,379.907,80.0,459.907,1
2014-01-08 19:00:00,379.872,80.0,459.872,1
2013-01-21 21:30:00,379.827,80.0,459.827,1
2014-02-05 18:30:00,379.751,80.0,459.751,1
2013-01-09 20:00:00,379.747,80.0,459.747,1
2013-02-11 19:00:00,379.675,80.0,459.675,1
2014-02-04 19:30:00,379.647,80.0,459.647,1
2013-02-28 20:00:00,379.643,80.0,459.643,1
2013-12-30 19:30:00,379.508,80.0,459.508,1
2013-02-11 18:30:00,379.461,80.0,459.461,1
2013-12-23 18:00:00,379.167,80.0,459.167,1
2014-02-03 18:30:00,379.093,80.0,459.093,1
2013-11-24 18:00:00,379.016,80.0,459.016,1
2013-02-12 21:30:00,378.999,80.0,458.999,1
2013-11-20 18:30:00,378.971,80.0,458.971,1
2013-02-22 18:30:00,378.952,80.0,458.952,1
2013-12-31 18:30:00,378.9,80.0,458.9,1
2013-01-27 20:30:00,378.794,80.0,458.794,1
2013-12-23 19:30:00,378.78,80.0,458.78,1
2014-01-10 18:30:00,378.772,80.0,458.772,1
2013-12-10 19:00:00,378.64,80.0,458.64,1
2013-12-08 19:00:00,378.633,80.0,458.633,1
2013-03-26 20:30:00,378.593,80.0,458.593,1
2014-02-11 19:30:00,378.426,80.0,458.426,1
2014-01-07 19:30:00,378.424,80.0,458.424,1
2013-03-18 20:30:00,378.199,80.0,458.199,1
2013-02-17 20:00:00,378.129,80.0,458.129,1
2013-12-05 19:30:00,378.081,80.0,458.081,1
2014-01-14 19:30:00,378.042,80.0,458.042,1
2013-01-25 21:30:00,378.022,80.0,458.022,1
2013-03-09 19:30:00,377.99,80.0,457.99,1
2014-01-30 18:30:00,377.968,80.0,457.968,1
2014-02-03 19:30:00,377.952,80.0,457.952,1
2014-01-29 19:30:00,377.944,80.0,457.944,1
2014-01-25 18:30:00,377.852,80.0,457.852,1
2014-01-02 19:30:00,377.62,80.0,457.62,1
2014-02-17 19:00:00,377.591,80.0,457.591,1
2013-03-26 18:30:00,377.585,80.0,457.585,1
2013-03-21 20:30:00,377.573,80.0,457.573,1
2013-02-16 19:00:00,377.561,80.0,457.561,1
2013-01-19 20:00:00,377.547,80.0,457.547,1
2013-03-20 19:30:00,377.409,80.0,457.409,1
2013-02-26 18:00:00,377.373,80.0,457.373,1
2013-11-10 19:00:00,377.349,80.0,457.349,1
2013-01-24 21:00:00,377.066,80.0,457.066,1
2013-03-19 19:00:00,377.022,80.0,457.022,1
2013-03-19 20:00:00,377.016,80.0,457.016,1
2013-03-04 18:30:00,377.016,80.0,457.016,1
2014-01-22 19:00:00,376.829,80.0,456.829,1
2013-02-13 20:30:00,376.718,80.0,456.718,1
2014-02-12 20:00:00,376.7,80.0,456.7,1
2013-01-28 21:30:00,376.693,80.0,456.693,1
2013-01-10 20:30:00,376.628,80.0,456.628,1
2013-03-05 19:00:00,376.605,80.0,456.605,1
2013-03-18 18:30:00,376.551,80.0,456.551,1
2013-01-08 19:00:00,376.536,80.0,456.536,1
2013-02-11 20:00:00,376.412,80.0,456.412,1
2014-02-10 18:30:00,376.384,80.0,456.384,1
2013-03-10 20:30:00,376.336,80.0,456.336,1
2014-01-09 19:00:00,376.292,80.0,456.292,1
2013-01-28 20:30:00,376.269,80.0,456.269,1
2013-03-08 19:30:00,376.247,80.0,456.247,1
2013-03-22 18:30:00,376.201,80.0,456.201,1
2013-01-11 20:00:00,376.152,80.0,456.152,1
2013-03-08 19:00:00,376.118,80.0,456.118,1
2014-01-26 18:00:00,376.012,80.0,456.012,1
2013-02-18 18:30:00,375.979,80.0,455.979,1
2013-01-15 21:30:00,375.929,80.0,455.929,1
2014-01-02 19:00:00,375.891,80.0,455.891,1
2013-03-07 19:00:00,375.885,80.0,455.885,1
2014-01-15 18:30:00,375.859,80.0,455.859,1
2013-03-01 18:30:00,375.832,80.0,455.832,1
2013-01-04 19:30:00,375.805,80.0,455.805,1
2014-01-20 19:30:00,375.757,80.0,455.757,1
2014-01-08 18:30:00,375.71,80.0,455.71,1
2014-01-03 18:30:00,375.654,80.0,455.654,1
2013-02-26 21:00:00,375.569,80.0,455.569,1
2013-12-18 19:30:00,375.485,80.0,455.485,1
2013-02-23 20:30:00,375.472,80.0,455.472,1
2013-01-30 19:00:00,375.461,80.0,455.461,1
2013-12-20 18:30:00,375.437,80.0,455.437,1
2013-03-14 20:30:00,375.326,80.0,455.326,1
2013-12-09 19:30:00,375.26,80.0,455.26,1
2013-11-21 18:00:00,375.227,80.0,455.227,1
2014-02-07 19:00:00,375.209,80.0,455.209,1
2013-12-11 20:00:00,375.15,80.0,455.15,1
2014-02-10 20:00:00,375.041,80.0,455.041,1
2014-02-13 19:00:00,374.861,80.0,454.861,1
2013-11-20 19:00:00,374.821,80.0,454.821,1
2014-02-11 18:30:00,374.802,80.0,454.802,1
2013-02-01 18:30:00,374.767,80.0,454.767,1
2013-12-11 18:30:00,374.553,80.0,454.553,1
2014-01-09 18:30:00,374.539,80.0,454.539,1
2014-01-21 18:30:00,374.466,80.0,454.466,1
2013-12-03 19:00:00,374.461,80.0,454.461,1
2013-12-19 20:00:00,374.422,80.0,454.422,1
2013-02-16 18:30:00,374.408,80.0,454.408,1
2014-01-18 18:00:00,374.395,80.0,454.395,1
2013-12-09 18:30:00,374.382,80.0,454.382,1
2013-01-30 18:30:00,374.375,80.0,454.375,1
2013-03-23 18:00:00,374.355,80.0,454.355,1
2014-01-06 19:00:00,374.335,80.0,454.335,1
2013-02-25 21:00:00,374.324,80.0,454.324,1
2013-02-06 20:30:00,374.319,80.0,454.319,1
2013-01-03 18:00:00,374.315,80.0,454.315,1
2014-01-09 19:30:00,374.313,80.0,454.313,1
2013-03-17 19:30:00,374.313,80.0,454.313,1
2013-03-23 20:30:00,374.229,80.0,454.229,1
2013-01-07 20:00:00,374.209,80.0,454.209,1
2013-01-18 21:00:00,374.142,80.0,454.142,1
2014-01-10 19:30:00,374.021,80.0,454.021,1
2013-12-24 18:30:00,373.807,80.0,453.807,1
2014-01-25 19:30:00,373.791,80.0,453.791,1
2013-01-13 21:30:00,373.775,80.0,453.775,1
2013-02-10 21:00:00,373.628,80.0,453.628,1
2013-02-14 20:00:00,373.454,80.0,453.454,1
2014-02-05 19:00:00,373.451,80.0,453.451,1
2013-11-10 18:30:00,373.412,80.0,453.412,1
2013-12-09 19:00:00,373.319,80.0,453.319,1
2013-12-18 18:30:00,373.218,80.0,453.218,1
2013-02-18 20:00:00,373.212,80.0,453.212,1
2014-01-05 20:30:00,373.167,80.0,453.167,1
2013-12-08 18:00:00,373.161,80.0,453.161,1
2013-01-31 19:30:00,373.154,80.0,453.154,1
2014-02-01 19:30:00,373.146,80.0,453.146,1
2014-01-10 19:00:00,373.111,80.0,453.111,1
2013-12-29 19:00:00,373.083,80.0,453.083,1
2014-02-09 19:30:00,373.03,80.0,453.03,1
2014-01-07 19:00:00,373.021,80.0,453.021,1
2013-02-19 19:00:00,372.979,80.0,452.979,1
2013-02-03 20:30:00,372.968,80.0,452.968,1
2013-11-24 18:30:00,372.924,80.0,452.924,1
2013-12-04 18:30:00,372.754,80.0,452.754,1
2013-02-08 20:00:00,372.678,80.0,452.678,1
2014-01-21 19:30:00,372.662,80.0,452.662,1
2013-12-18 19:00:00,372.603,80.0,452.603,1
2014-01-04 18:00:00,372.526,80.0,452.526,1
2013-12-04 19:00:00,372.3,80.0,452.3,1
2013-11-25 19:30:00,372.268,80.0,452.268,1
2014-01-12 20:00:00,372.243,80.0,452.243,1
2014-02-09 20:00:00,372.104,80.0,452.104,1
2013-03-17 19:00:00,372.098,80.0,452.098,1
2013-12-05 18:30:00,372.043,80.0,452.043,1
2013-12-10 19:30:00,371.985,80.0,451.985,1
2014-02-02 20:00:00,371.931,80.0,451.931,1
2013-02-21 19:00:00,371.925,80.0,451.925,1
2014-02-16 19:30:00,371.71,80.0,451.71,1
2014-01-02 18:30:00,371.664,80.0,451.664,1
2013-02-04 20:00:00,371.539,80.0,451.539,1
2013-01-20 21:00:00,371.451,80.0,451.451,1
2013-03-03 20:30:00,371.433,80.0,451.433,1
2013-02-17 18:30:00,371.412,80.0,451.412,1
2013-11-24 19:30:00,371.38,80.0,451.38,1
2014-02-04 18:30:00,371.237,80.0,451.237,1
2013-12-24 18:00:00,371.201,80.0,451.201,1
2014-02-05 19:30:00,371.163,80.0,451.163,1
2014-01-11 18:30:00,371.126,80.0,451.126,1
2014-02-16 18:30:00,371.115,80.0,451.115,1
2014-01-06 18:30:00,371.091,80.0,451.091,1
2013-03-26 21:00:00,371.025,80.0,451.025,1
2013-12-31 18:00:00,370.893,80.0,450.893,1
2014-01-29 18:00:00,370.881,80.0,450.881,1
2013-01-04 18:00:00,370.837,80.0,450.837,1
2014-01-27 20:00:00,370.796,80.0,450.796,1
2014-01-06 19:30:00,370.674,80.0,450.674,1
2013-11-23 19:00:00,370.591,80.0,450.591,1
2013-01-14 21:30:00,370.568,80.0,450.568,1
2013-11-19 19:00:00,370.533,80.0,450.533,1
2013-03-27 19:00:00,370.508,80.0,450.508,1
2014-01-22 18:30:00,370.424,80.0,450.424,1
2013-03-05 19:30:00,370.374,80.0,450.374,1
2013-03-07 19:30:00,370.363,80.0,450.363,1
2014-01-13 19:00:00,370.291,80.0,450.291,1
2014-01-14 19:00:00,370.168,80.0,450.168,1
2014-01-15 19:00:00,370.167,80.0,450.167,1
2013-12-29 19:30:00,370.13,80.0,450.13,1
2013-03-20 20:00:00,370.044,80.0,450.044,1
2014-01-26 20:00:00,370.025,80.0,450.025,1
2014-02-03 20:00:00,370.014,80.0,450.014,1
2013-01-10 21:00:00,369.946,80.0,449.946,1
2013-01-31 19:00:00,369.928,80.0,449.928,1
2014-01-30 19:30:00,369.912,80.0,449.912,1
2013-11-25 18:30:00,369.817,80.0,449.817,1
2013-01-31 18:30:00,369.802,80.0,449.802,1
2014-01-25 18:00:00,369.794,80.0,449.794,1
2014-01-21 19:00:00,369.772,80.0,449.772,1
2013-11-17 19:00:00,369.766,80.0,449.766,1
2013-03-21 21:00:00,369.636,80.0,449.636,1
2014-01-20 18:30:00,369.634,80.0,449.634,1
2014-02-15 19:30:00,369.621,80.0,449.621,1
2013-03-09 20:00:00,369.372,80.0,449.372,1
2013-01-07 20:30:00,369.218,80.0,449.218,1
2013-04-03 19:30:00,369.213,80.0,449.213,1
2013-03-26 21:30:00,369.093,80.0,449.093,1
2013-01-12 20:30:00,369.059,80.0,449.059,1
2013-02-24 21:30:00,368.998,80.0,448.998,1
2014-02-05 20:00:00,368.969,80.0,448.969,1
2013-03-09 19:00:00,368.838,80.0,448.838,1
2013-01-30 19:30:00,368.746,80.0,448.746,1
2013-12-12 18:30:00,368.719,80.0,448.719,1
2013-01-03 20:00:00,368.694,80.0,448.694,1
2013-12-20 19:00:00,368.692,80.0,448.692,1
2013-02-07 21:30:00,368.661,80.0,448.661,1
2013-01-24 21:30:00,368.659,80.0,448.659,1
2014-01-31 18:30:00,368.638,80.0,448.638,1
2013-02-22 20:30:00,368.599,80.0,448.599,1
2013-03-09 18:30:00,368.549,80.0,448.549,1
2013-11-17 18:30:00,368.496,80.0,448.496,1
2013-12-30 18:30:00,368.451,80.0,448.451,1
2013-11-10 19:30:00,368.386,80.0,448.386,1
2013-03-13 21:00:00,368.366,80.0,448.366,1
2013-02-19 19:30:00,368.324,80.0,448.324,1
2014-02-23 18:30:00,368.223,80.0,448.223,1
2013-12-10 18:30:00,368.069,80.0,448.069,1
2014-02-18 19:00:00,368.068,80.0,448.068,1
2014-01-24 19:00:00,367.962,80.0,447.962,1
2014-01-20 19:00:00,367.958,80.0,447.958,1
2014-01-13 18:30:00,367.938,80.0,447.938,1
2013-11-25 20:00:00,367.931,80.0,447.931,1
2013-02-06 21:00:00,367.888,80.0,447.888,1
2013-12-06 19:00:00,367.857,80.0,447.857,1
2013-03-22 21:00:00,367.755,80.0,447.755,1
2013-12-29 18:30:00,367.753,80.0,447.753,1
2013-02-01 20:00:00,367.738,80.0,447.738,1
2013-02-08 18:00:00,367.696,80.0,447.696,1
2014-02-05 18:00:00,367.561,80.0,447.561,1
2013-12-22 19:30:00,367.532,80.0,447.532,1
2013-03-01 20:00:00,367.451,80.0,447.451,1
2014-01-23 19:00:00,367.4,80.0,447.4,1
2013-02-14 18:30:00,367.364,80.0,447.364,1
2013-12-06 19:30:00,367.252,80.0,447.252,1
2013-01-08 20:00:00,367.191,80.0,447.191,1
2013-02-14 20:30:00,367.155,80.0,447.155,1
2014-02-06 19:00:00,367.08,80.0,447.08,1
2014-02-04 20:00:00,367.062,80.0,447.062,1
2014-02-17 19:30:00,366.985,80.0,446.985,1
2013-11-17 19:30:00,366.971,80.0,446.971,1
2014-01-28 20:00:00,366.862,80.0,446.862,1
2013-02-16 19:30:00,366.846,80.0,446.846,1
2014-01-16 19:00:00,366.8,80.0,446.8,1
2013-12-16 19:00:00,366.781,80.0,446.781,1
2014-02-07 18:30:00,366.727,80.0,446.727,1
2014-01-07 18:30:00,366.693,80.0,446.693,1
2013-12-08 19:30:00,366.642,80.0,446.642,1
2013-02-15 20:00:00,366.551,80.0,446.551,1
2013-03-02 20:30:00,366.518,80.0,446.518,1
2013-12-21 18:30:00,366.514,80.0,446.514,1
2014-01-11 19:30:00,366.435,80.0,446.435,1
2013-03-13 21:30:00,366.419,80.0,446.419,1
2013-12-13 18:30:00,366.393,80.0,446.393,1
2014-02-13 20:00:00,366.316,80.0,446.316,1
2014-01-04 19:00:00,366.289,80.0,446.289,1
2013-11-22 19:00:00,366.248,80.0,446.248,1
2014-01-24 19:30:00,366.236,80.0,446.236,1
2014-01-08 19:30:00,366.189,80.0,446.189,1
2014-02-13 18:30:00,366.181,80.0,446.181,1
2013-12-03 18:30:00,366.07,80.0,446.07,1
2013-01-05 19:30:00,366.035,80.0,446.035,1
2013-01-23 21:30:00,366.018,80.0,446.018,1
2013-03-27 20:00:00,365.983,80.0,445.983,1
2013-02-06 21:30:00,365.969,80.0,445.969,1
2013-11-13 18:30:00,365.878,80.0,445.878,1
2014-01-04 18:30:00,365.849,80.0,445.849,1
2014-02-11 20:00:00,365.792,80.0,445.792,1
2013-02-15 20:30:00,365.737,80.0,445.737,1
2013-12-06 18:30:00,365.72,80.0,445.72,1
2014-01-04 19:30:00,365.72,80.0,445.72,1
2014-01-18 19:00:00,365.595,80.0,445.595,1
2014-01-01 18:30:00,365.569,80.0,445.569,1
2013-12-29 18:00:00,365.555,80.0,445.555,1
2013-03-22 20:30:00,365.53,80.0,445.53,1
2014-02-08 18:30:00,365.462,80.0,445.462,1
2013-02-21 19:30:00,365.451,80.0,445.451,1
2013-01-06 20:00:00,365.428,80.0,445.428,1
2013-02-04 20:30:00,365.407,80.0,445.407,1
2014-02-18 18:30:00,365.374,80.0,445.374,1
2013-02-11 18:00:00,365.241,80.0,445.241,1
2014-01-03 19:30:00,365.166,80.0,445.166,1
2014-02-08 19:00:00,365.079,80.0,445.079,1
2013-12-02 19:00:00,365.059,80.0,445.059,1
2013-11-11 18:30:00,364.934,80.0,444.934,1
2013-03-15 18:30:00,364.883,80.0,444.883,1
2013-11-20 19:30:00,364.74,80.0,444.74,1
2013-12-17 20:00:00,364.721,80.0,444.721,1
2014-01-20 20:00:00,364.67,80.0,444.67,1
2013-12-19 18:00:00,364.655,80.0,444.655,1
2014-01-09 18:00:00,364.554,80.0,444.554,1
2013-01-20 21:30:00,364.547,80.0,444.547,1
2014-02-08 19:30:00,364.523,80.0,444.523,1
2014-02-24 19:30:00,364.509,80.0,444.509,1
2014-01-02 20:00:00,364.492,80.0,444.492,1
2014-01-14 20:00:00,364.458,80.0,444.458,1
2013-12-19 20:30:00,364.405,80.0,444.405,1
2013-11-17 18:00:00,364.334,80.0,444.334,1
2013-03-06 19:00:00,364.177,80.0,444.177,1
2013-02-18 20:30:00,364.148,80.0,444.148,1
2013-02-02 20:00:00,364.07,80.0,444.07,1
2013-12-13 19:00:00,363.997,80.0,443.997,1
2013-02-25 21:30:00,363.859,80.0,443.859,1
2013-03-10 21:00:00,363.767,80.0,443.767,1
2013-11-10 20:00:00,363.68,80.0,443.68,1
2014-02-01 18:30:00,363.491,80.0,443.491,1
2013-03-08 18:30:00,363.465,80.0,443.465,1
2013-03-25 18:00:00,363.416,80.0,443.416,1
2013-01-18 21:30:00,363.376,80.0,443.376,1
2013-01-26 20:30:00,363.222,80.0,443.222,1
2014-01-06 20:00:00,363.127,80.0,443.127,1
2013-11-11 19:00:00,363.091,80.0,443.091,1
2013-04-04 18:30:00,363.068,80.0,443.068,1
2014-01-23 19:30:00,363.06,80.0,443.06,1
2013-12-22 20:00:00,363.044,80.0,443.044,1
2013-02-23 21:00:00,363.016,80.0,443.016,1
2014-01-13 19:30:00,362.986,80.0,442.986,1
2014-01-17 18:30:00,362.961,80.0,442.961,1
2013-03-10 18:00:00,362.954,80.0,442.954,1
2014-01-01 18:00:00,362.944,80.0,442.944,1
2014-02-18 19:30:00,362.916,80.0,442.916,1
2013-11-19 18:30:00,362.91,80.0,442.91,1
2013-12-04 19:30:00,362.769,80.0,442.769,1
2013-12-30 19:00:00,362.721,80.0,442.721,1
2014-01-09 20:00:00,362.606,80.0,442.606,1
2013-12-18 20:00:00,362.604,80.0,442.604,1
2013-02-10 21:30:00,362.586,80.0,442.586,1
2013-02-28 20:30:00,362.541,80.0,442.541,1
2014-01-14 18:30:00,362.476,80.0,442.476,1
2013-11-19 19:30:00,362.348,80.0,442.348,1
2014-02-02 18:00:00,362.308,80.0,442.308,1
2014-02-23 19:00:00,362.283,80.0,442.283,1
2014-01-29 20:00:00,362.283,80.0,442.283,1
2013-12-12 19:00:00,362.121,80.0,442.121,1
2014-02-08 18:00:00,362.085,80.0,442.085,1
2013-12-03 20:00:00,362.037,80.0,442.037,1
2014-02-17 18:30:00,361.994,80.0,441.994,1
2013-02-13 21:00:00,361.968,80.0,441.968,1
2013-01-09 20:30:00,361.942,80.0,441.942,1
2014-02-06 19:30:00,361.903,80.0,441.903,1
2013-11-19 20:00:00,361.881,80.0,441.881,1
2013-02-22 18:00:00,361.861,80.0,441.861,1
2013-12-03 19:30:00,361.856,80.0,441.856,1
2013-03-19 20:30:00,361.828,80.0,441.828,1
2013-03-03 21:00:00,361.797,80.0,441.797,1
2013-04-03 18:30:00,361.796,80.0,441.796,1
2014-01-01 19:00:00,361.789,80.0,441.789,1
2013-01-19 20:30:00,361.782,80.0,441.782,1
2014-02-01 19:00:00,361.758,80.0,441.758,1
2013-01-09 18:00:00,361.72,80.0,441.72,1
2014-01-28 18:30:00,361.575,80.0,441.575,1
2014-02-06 18:30:00,361.541,80.0,441.541,1
2014-01-11 19:00:00,361.534,80.0,441.534,1
2013-12-27 19:00:00,361.443,80.0,441.443,1
2013-02-27 19:30:00,361.399,80.0,441.399,1
2013-12-22 19:00:00,361.392,80.0,441.392,1
2013-12-11 20:30:00,361.385,80.0,441.385,1
2013-03-29 19:30:00,361.368,80.0,441.368,1
2014-01-15 19:30:00,361.355,80.0,441.355,1
2013-01-29 20:00:00,361.319,80.0,441.319,1
2013-11-13 19:30:00,361.31,80.0,441.31,1
2013-01-08 18:00:00,361.236,80.0,441.236,1
2013-01-31 20:00:00,361.122,80.0,441.122,1
2013-12-09 20:00:00,361.046,80.0,441.046,1
2013-02-14 21:00:00,361.026,80.0,441.026,1
2013-12-22 18:00:00,361.008,80.0,441.008,1
2013-02-04 18:00:00,361.006,80.0,441.006,1
2013-11-18 19:30:00,360.96,80.0,440.96,1
2014-01-12 20:30:00,360.926,80.0,440.926,1
2013-01-20 17:00:00,440.915,0.0,440.915,1
2013-12-13 19:30:00,360.888,80.0,440.888,1
2014-01-11 18:00:00,360.832,80.0,440.832,1
2014-01-30 20:00:00,360.815,80.0,440.815,1
2013-11-20 20:00:00,360.794,80.0,440.794,1
2013-12-02 18:30:00,360.792,80.0,440.792,1
2013-12-01 20:30:00,360.746,80.0,440.746,1
2013-11-23 18:30:00,360.739,80.0,440.739,1
2013-03-02 21:00:00,360.73,80.0,440.73,1
2014-01-27 18:00:00,360.652,80.0,440.652,1
2013-02-09 21:00:00,360.648,80.0,440.648,1
2013-02-27 19:00:00,360.635,80.0,440.635,1
2013-03-05 18:30:00,360.608,80.0,440.608,1
2013-11-21 20:30:00,360.533,80.0,440.533,1
2013-01-11 20:30:00,360.389,80.0,440.389,1
2013-11-29 19:00:00,360.368,80.0,440.368,1
2014-01-20 18:00:00,360.25600000000003,80.0,440.25600000000003,1
2014-02-16 20:00:00,360.248,80.0,440.248,1
2013-12-12 19:30:00,360.234,80.0,440.234,1
2014-02-14 20:00:00,360.232,80.0,440.232,1
2014-02-03 20:30:00,360.231,80.0,440.231,1
2013-03-14 21:00:00,360.209,80.0,440.209,1
2013-04-04 19:00:00,360.205,80.0,440.205,1
2014-01-22 19:30:00,360.179,80.0,440.179,1
2014-02-15 18:30:00,360.159,80.0,440.159,1
2014-01-16 19:30:00,360.066,80.0,440.066,1
2014-01-28 20:30:00,360.065,80.0,440.065,1
2013-03-07 20:30:00,360.027,80.0,440.027,1
2013-03-07 18:30:00,359.992,80.0,439.992,1
2013-04-04 20:30:00,359.933,80.0,439.933,1
2013-12-17 18:00:00,359.858,80.0,439.858,1
2013-02-03 21:00:00,359.828,80.0,439.828,1
2014-02-12 18:00:00,359.657,80.0,439.657,1
2014-01-17 19:30:00,359.553,80.0,439.553,1
2013-11-06 18:30:00,359.515,80.0,439.515,1
2013-11-15 18:30:00,359.421,80.0,439.421,1
2014-01-23 18:30:00,359.42,80.0,439.42,1
2013-02-17 18:00:00,359.355,80.0,439.355,1
2014-01-03 18:00:00,359.306,80.0,439.306,1
2013-03-04 20:30:00,359.192,80.0,439.192,1
2014-01-18 19:30:00,359.045,80.0,439.045,1
2013-04-04 20:00:00,358.908,80.0,438.908,1
2013-11-22 20:00:00,358.88,80.0,438.88,1
2013-12-27 19:30:00,358.81,80.0,438.81,1
2013-03-20 18:30:00,358.768,80.0,438.768,1
2014-01-15 20:00:00,358.743,80.0,438.743,1
2013-02-21 20:00:00,358.74,80.0,438.74,1
2014-02-24 19:00:00,358.726,80.0,438.726,1
2013-12-27 18:30:00,358.702,80.0,438.702,1
2014-02-07 19:30:00,358.618,80.0,438.618,1
2013-11-22 19:30:00,358.595,80.0,438.595,1
2013-03-15 20:00:00,358.475,80.0,438.475,1
2013-02-22 21:00:00,358.47,80.0,438.47,1
2013-12-22 20:30:00,358.443,80.0,438.443,1
2014-02-12 20:30:00,358.439,80.0,438.439,1
2013-04-04 19:30:00,358.39,80.0,438.39,1
2013-01-04 20:00:00,358.334,80.0,438.334,1
2013-03-07 20:00:00,358.192,80.0,438.192,1
2013-01-29 18:00:00,357.92,80.0,437.92,1
2013-03-09 20:30:00,357.894,80.0,437.894,1
2013-01-29 20:30:00,357.84,80.0,437.84,1
2013-03-20 20:30:00,357.837,80.0,437.837,1
2013-01-05 18:00:00,357.79,80.0,437.79,1
2013-03-05 20:00:00,357.752,80.0,437.752,1
2013-11-18 20:00:00,357.587,80.0,437.587,1
2013-02-21 18:30:00,357.561,80.0,437.561,1
2014-01-08 20:00:00,357.505,80.0,437.505,1
2013-12-31 20:00:00,357.471,80.0,437.471,1
2013-04-03 19:00:00,357.404,80.0,437.404,1
2014-01-17 19:00:00,357.278,80.0,437.278,1
2013-12-30 18:00:00,357.141,80.0,437.141,1
2013-12-24 20:00:00,357.042,80.0,437.042,1
2013-12-21 18:00:00,357.013,80.0,437.013,1
2013-12-21 19:00:00,356.991,80.0,436.991,1
2013-11-20 20:30:00,356.89,80.0,436.89,1
2013-02-19 18:30:00,356.869,80.0,436.869,1
2014-01-02 18:00:00,356.842,80.0,436.842,1
2014-01-24 18:30:00,356.779,80.0,436.779,1
2014-01-04 20:00:00,356.735,80.0,436.735,1
2013-11-20 18:00:00,356.676,80.0,436.676,1
2013-12-15 18:30:00,356.669,80.0,436.669,1
2013-11-14 18:30:00,356.533,80.0,436.533,1
2013-12-23 20:00:00,356.508,80.0,436.508,1
2014-02-16 18:00:00,356.451,80.0,436.451,1
2013-12-14 19:00:00,356.413,80.0,436.413,1
2014-01-21 20:00:00,356.402,80.0,436.402,1
2013-03-08 20:00:00,356.401,80.0,436.401,1
2013-12-16 19:30:00,356.28,80.0,436.28,1
2014-01-31 20:00:00,356.231,80.0,436.231,1
2014-01-21 20:30:00,356.221,80.0,436.221,1
2013-12-27 18:00:00,356.042,80.0,436.042,1
2013-12-02 19:30:00,355.951,80.0,435.951,1
2014-02-21 19:00:00,355.924,80.0,435.924,1
2013-03-10 21:30:00,355.788,80.0,435.788,1
2013-11-14 19:30:00,355.661,80.0,435.661,1
2013-02-28 21:00:00,355.622,80.0,435.622,1
2014-02-23 20:00:00,355.622,80.0,435.622,1
2014-01-07 20:00:00,355.583,80.0,435.583,1
2014-01-25 20:00:00,355.553,80.0,435.553,1
2013-11-13 19:00:00,355.551,80.0,435.551,1
2013-01-30 20:00:00,355.541,80.0,435.541,1
2014-01-27 20:30:00,355.43,80.0,435.43,1
2014-01-16 18:00:00,355.369,80.0,435.369,1
2013-11-12 19:00:00,355.347,80.0,435.347,1
2014-01-13 20:00:00,355.322,80.0,435.322,1
2013-12-22 18:30:00,355.24,80.0,435.24,1
2013-02-13 21:30:00,355.194,80.0,435.194,1
2013-03-16 19:00:00,355.159,80.0,435.159,1
2013-03-03 21:30:00,355.133,80.0,435.133,1
2013-02-16 18:00:00,355.109,80.0,435.109,1
2013-03-18 21:00:00,355.054,80.0,435.054,1
2013-12-09 18:00:00,355.011,80.0,435.011,1
2013-02-01 18:00:00,354.857,80.0,434.857,1
2014-02-01 20:00:00,354.773,80.0,434.773,1
2013-01-07 18:00:00,354.717,80.0,434.717,1
2013-02-20 19:00:00,354.66,80.0,434.66,1
2013-12-15 19:00:00,354.64,80.0,434.64,1
2013-02-09 21:30:00,354.554,80.0,434.554,1
2013-04-01 19:30:00,354.541,80.0,434.541,1
2014-02-26 19:00:00,354.495,80.0,434.495,1
2014-01-16 18:30:00,354.459,80.0,434.459,1
2013-11-28 19:30:00,354.403,80.0,434.403,1
2013-01-03 20:30:00,354.367,80.0,434.367,1
2013-01-19 17:00:00,434.335,0.0,434.335,1
2013-11-14 19:00:00,353.899,80.0,433.899,1
2013-11-18 18:30:00,353.896,80.0,433.896,1
2013-02-15 18:00:00,353.86,80.0,433.86,1
2013-01-06 20:30:00,353.844,80.0,433.844,1
2014-01-26 20:30:00,353.738,80.0,433.738,1
2013-11-15 19:00:00,353.729,80.0,433.729,1
2013-02-17 20:30:00,353.641,80.0,433.641,1
2014-02-23 19:30:00,353.536,80.0,433.536,1
2013-11-06 19:00:00,353.514,80.0,433.514,1
2014-02-15 19:00:00,353.441,80.0,433.441,1
2013-12-20 19:30:00,353.439,80.0,433.439,1
2013-11-29 18:30:00,353.26,80.0,433.26,1
2013-03-20 21:00:00,353.258,80.0,433.258,1
2014-01-06 20:30:00,353.226,80.0,433.226,1
2013-11-14 20:00:00,353.2,80.0,433.2,1
2013-12-17 20:30:00,353.19,80.0,433.19,1
2013-11-28 19:00:00,353.181,80.0,433.181,1
2014-02-26 20:00:00,353.11,80.0,433.11,1
2013-12-03 18:00:00,353.103,80.0,433.103,1
2014-01-22 20:00:00,353.09,80.0,433.09,1
2013-03-14 21:30:00,353.066,80.0,433.066,1
2013-03-21 21:30:00,352.948,80.0,432.948,1
2013-12-08 20:00:00,352.859,80.0,432.859,1
2014-01-23 20:00:00,352.819,80.0,432.819,1
2013-12-06 18:00:00,352.811,80.0,432.811,1
2013-02-27 20:00:00,352.805,80.0,432.805,1
2014-02-01 18:00:00,352.716,80.0,432.716,1
2013-12-14 18:30:00,352.699,80.0,432.699,1
2013-02-20 19:30:00,352.645,80.0,432.645,1
2013-02-19 20:00:00,352.61,80.0,432.61,1
2013-12-05 20:00:00,352.589,80.0,432.589,1
2013-11-30 18:30:00,352.573,80.0,432.573,1
2014-02-04 18:00:00,352.484,80.0,432.484,1
2013-03-04 21:30:00,352.458,80.0,432.458,1
2014-01-30 18:00:00,352.435,80.0,432.435,1
2013-02-04 21:00:00,352.347,80.0,432.347,1
2014-02-26 19:30:00,352.247,80.0,432.247,1
2014-02-09 20:30:00,352.191,80.0,432.191,1
2013-12-16 18:30:00,352.19,80.0,432.19,1
2013-12-04 20:00:00,352.152,80.0,432.152,1
2013-12-04 18:00:00,352.067,80.0,432.067,1
2013-11-23 19:30:00,352.043,80.0,432.043,1
2013-03-04 21:00:00,352.019,80.0,432.019,1
2014-01-03 20:00:00,352.001,80.0,432.001,1
2013-03-05 21:00:00,351.998,80.0,431.998,1
2014-02-11 20:30:00,351.951,80.0,431.951,1
2014-02-06 18:00:00,351.95,80.0,431.95,1
2013-12-20 18:00:00,351.943,80.0,431.943,1
2013-03-23 21:00:00,351.926,80.0,431.926,1
2013-03-01 20:30:00,351.88,80.0,431.88,1
2013-03-21 18:30:00,351.876,80.0,431.876,1
2013-12-28 19:30:00,351.864,80.0,431.864,1
2013-03-30 19:00:00,351.779,80.0,431.779,1
2014-02-04 20:30:00,351.729,80.0,431.729,1
2013-03-17 20:00:00,351.716,80.0,431.716,1
2014-02-08 20:00:00,351.621,80.0,431.621,1
2013-02-23 21:30:00,351.602,80.0,431.602,1
2014-02-10 20:30:00,351.495,80.0,431.495,1
2013-01-31 18:00:00,351.472,80.0,431.472,1
2013-11-03 18:00:00,351.418,80.0,431.418,1
2013-02-21 20:30:00,351.368,80.0,431.368,1
2013-11-14 18:00:00,351.185,80.0,431.185,1
2013-11-11 19:30:00,350.961,80.0,430.961,1
2013-11-24 20:00:00,350.944,80.0,430.944,1
2014-01-31 18:00:00,350.809,80.0,430.809,1
2014-02-11 18:00:00,350.794,80.0,430.794,1
2013-01-26 21:00:00,350.791,80.0,430.791,1
2013-02-18 18:00:00,350.67,80.0,430.67,1
2013-03-30 19:30:00,350.664,80.0,430.664,1
2013-12-05 18:00:00,350.657,80.0,430.657,1
2013-12-03 20:30:00,350.647,80.0,430.647,1
2013-01-12 21:00:00,350.635,80.0,430.635,1
2013-11-03 19:00:00,350.62,80.0,430.62,1
2014-02-15 20:00:00,350.616,80.0,430.616,1
2013-02-26 21:30:00,350.598,80.0,430.598,1
2013-01-08 20:30:00,350.45,80.0,430.45,1
2014-01-01 19:30:00,350.387,80.0,430.387,1
2013-11-16 18:30:00,350.323,80.0,430.323,1
2013-11-28 18:30:00,350.294,80.0,430.294,1
2013-03-17 20:30:00,350.268,80.0,430.268,1
2013-11-18 19:00:00,350.265,80.0,430.265,1
2014-01-14 18:00:00,350.136,80.0,430.136,1
2014-01-13 18:00:00,350.086,80.0,430.086,1
2013-03-06 20:00:00,350.072,80.0,430.072,1
2014-01-24 18:00:00,350.034,80.0,430.034,1
2013-12-29 20:00:00,350.013,80.0,430.013,1
2014-01-30 20:30:00,350.002,80.0,430.002,1
2013-11-05 19:30:00,349.978,80.0,429.978,1
2013-03-30 20:00:00,349.948,80.0,429.948,1
2013-11-30 19:30:00,349.947,80.0,429.947,1
2013-03-06 19:30:00,349.944,80.0,429.944,1
2013-01-09 21:00:00,349.904,80.0,429.904,1
2013-03-27 20:30:00,349.767,80.0,429.767,1
2014-01-28 21:00:00,349.682,80.0,429.682,1
2013-12-11 18:00:00,349.641,80.0,429.641,1
2014-02-10 21:00:00,349.602,80.0,429.602,1
2013-02-08 20:30:00,349.601,80.0,429.601,1
2013-11-12 18:30:00,349.438,80.0,429.438,1
2013-03-22 18:00:00,349.432,80.0,429.432,1
2013-12-28 18:30:00,349.424,80.0,429.424,1
2013-03-16 19:30:00,349.392,80.0,429.392,1
2013-11-05 18:30:00,349.241,80.0,429.241,1
2014-01-07 18:00:00,349.21,80.0,429.21,1
2013-03-06 18:30:00,349.138,80.0,429.138,1
2013-11-13 18:00:00,349.123,80.0,429.123,1
2013-11-30 19:00:00,348.95,80.0,428.95,1
2013-03-19 21:00:00,348.925,80.0,428.925,1
2014-02-17 20:00:00,348.919,80.0,428.919,1
2013-02-21 18:00:00,348.855,80.0,428.855,1
2013-12-05 21:00:00,348.8,80.0,428.8,1
2013-11-16 19:00:00,348.729,80.0,428.729,1
2013-11-13 20:00:00,348.66,80.0,428.66,1
2014-01-05 21:00:00,348.641,80.0,428.641,1
2013-02-14 21:30:00,348.629,80.0,428.629,1
2014-01-21 18:00:00,348.557,80.0,428.557,1
2013-01-27 21:00:00,348.556,80.0,428.556,1
2014-01-09 20:30:00,348.475,80.0,428.475,1
2013-11-25 20:30:00,348.463,80.0,428.463,1
2013-12-19 21:00:00,348.394,80.0,428.394,1
2013-12-10 18:00:00,348.346,80.0,428.346,1
2014-01-15 18:00:00,348.324,80.0,428.324,1
2013-12-10 20:00:00,348.322,80.0,428.322,1
2013-11-22 18:30:00,348.309,80.0,428.309,1
2013-01-19 21:00:00,348.251,80.0,428.251,1
2013-04-02 19:30:00,348.183,80.0,428.183,1
2014-02-22 19:00:00,348.181,80.0,428.181,1
2014-01-06 18:00:00,348.178,80.0,428.178,1
2014-02-13 20:30:00,348.133,80.0,428.133,1
2013-03-05 20:30:00,348.085,80.0,428.085,1
2013-11-04 19:00:00,348.009,80.0,428.009,1
2013-03-15 20:30:00,347.948,80.0,427.948,1
2014-02-14 18:00:00,347.891,80.0,427.891,1
2013-11-29 19:30:00,347.89,80.0,427.89,1
2013-11-11 20:00:00,347.861,80.0,427.861,1
2013-04-03 20:00:00,347.813,80.0,427.813,1
2014-02-27 19:00:00,347.81,80.0,427.81,1
2013-11-03 18:30:00,347.741,80.0,427.741,1
2013-02-03 21:30:00,347.679,80.0,427.679,1
2013-12-28 19:00:00,347.666,80.0,427.666,1
2014-02-07 20:00:00,347.586,80.0,427.586,1
2014-02-24 18:30:00,347.538,80.0,427.538,1
2013-12-14 19:30:00,347.464,80.0,427.464,1
2013-12-30 20:00:00,347.406,80.0,427.406,1
2013-12-02 20:30:00,347.404,80.0,427.404,1
2014-01-24 20:00:00,347.374,80.0,427.374,1
2013-03-28 19:30:00,347.303,80.0,427.303,1
2014-01-19 18:30:00,347.254,80.0,427.254,1
2013-11-10 18:00:00,347.248,80.0,427.248,1
2013-12-19 21:30:00,347.247,80.0,427.247,1
2013-12-15 19:30:00,347.129,80.0,427.129,1
2014-01-20 20:30:00,346.938,80.0,426.938,1
2014-02-21 19:30:00,346.907,80.0,426.907,1
2014-01-11 20:00:00,346.896,80.0,426.896,1
2013-03-18 21:30:00,346.827,80.0,426.827,1
2013-12-13 20:00:00,346.788,80.0,426.788,1
2013-11-23 20:00:00,346.785,80.0,426.785,1
2013-12-21 19:30:00,346.748,80.0,426.748,1
2014-01-26 21:00:00,346.748,80.0,426.748,1
2014-01-18 20:00:00,346.743,80.0,426.743,1
2013-01-13 17:30:00,426.645,0.0,426.645,1
2014-02-13 18:00:00,346.558,80.0,426.558,1
2014-01-10 20:00:00,346.525,80.0,426.525,1
2013-12-05 20:30:00,346.41,80.0,426.41,1
2013-03-09 21:00:00,346.3,80.0,426.3,1
2014-01-22 18:00:00,346.283,80.0,426.283,1
2013-01-11 21:00:00,346.275,80.0,426.275,1
2013-12-13 18:00:00,346.17,80.0,426.17,1
2013-11-05 19:00:00,346.132,80.0,426.132,1
2014-01-28 18:00:00,346.115,80.0,426.115,1
2014-02-18 20:00:00,346.024,80.0,426.024,1
2013-10-29 19:00:00,345.995,80.0,425.995,1
2013-01-20 13:00:00,425.94,0.0,425.94,1
2013-11-09 18:30:00,345.926,80.0,425.926,1
2013-02-02 20:30:00,345.864,80.0,425.864,1
2013-11-10 20:30:00,345.777,80.0,425.777,1
2014-01-21 21:00:00,345.766,80.0,425.766,1
2013-11-19 18:00:00,345.745,80.0,425.745,1
2013-03-29 19:00:00,345.693,80.0,425.693,1
2013-12-29 20:30:00,345.594,80.0,425.594,1
2014-02-10 18:00:00,345.571,80.0,425.571,1
2013-11-24 20:30:00,345.503,80.0,425.503,1
2013-01-10 21:30:00,345.453,80.0,425.453,1
2013-02-01 20:30:00,345.407,80.0,425.407,1
2014-02-03 18:00:00,345.218,80.0,425.218,1
2013-04-01 20:00:00,345.206,80.0,425.206,1
2013-04-04 18:00:00,345.046,80.0,425.046,1
2013-11-22 18:00:00,345.008,80.0,425.008,1
2014-01-14 20:30:00,344.911,80.0,424.911,1
2013-12-02 18:00:00,344.897,80.0,424.897,1
2013-11-11 18:00:00,344.895,80.0,424.895,1
2013-11-28 20:00:00,344.888,80.0,424.888,1
2013-01-31 20:30:00,344.867,80.0,424.867,1
2013-02-20 20:00:00,344.787,80.0,424.787,1
2013-11-09 18:00:00,344.773,80.0,424.773,1
2013-12-14 18:00:00,344.755,80.0,424.755,1
2013-03-26 18:00:00,344.721,80.0,424.721,1
2013-12-16 20:00:00,344.656,80.0,424.656,1
2014-02-05 20:30:00,344.635,80.0,424.635,1
2014-01-16 20:00:00,344.607,80.0,424.607,1
2013-01-20 16:00:00,424.558,0.0,424.558,1
2014-02-11 21:00:00,344.535,80.0,424.535,1
2013-02-02 21:00:00,344.484,80.0,424.484,1
2013-12-18 18:00:00,344.479,80.0,424.479,1
2014-02-02 20:30:00,344.468,80.0,424.468,1
2013-11-23 18:00:00,344.445,80.0,424.445,1
2013-12-09 20:30:00,344.378,80.0,424.378,1
2013-03-16 20:00:00,344.32,80.0,424.32,1
2013-12-12 20:00:00,344.181,80.0,424.181,1
2014-02-13 21:00:00,344.076,80.0,424.076,1
2013-11-12 19:30:00,343.953,80.0,423.953,1
2014-01-06 21:00:00,343.9,80.0,423.9,1
2014-01-05 21:30:00,343.81,80.0,423.81,1
2014-01-08 18:00:00,343.808,80.0,423.808,1
2014-02-25 19:00:00,343.766,80.0,423.766,1
2014-02-25 18:30:00,343.644,80.0,423.644,1
2013-04-02 20:00:00,343.558,80.0,423.558,1
2013-12-24 20:30:00,343.538,80.0,423.538,1
2013-01-07 21:00:00,343.498,80.0,423.498,1
2013-12-20 20:00:00,343.39,80.0,423.39,1
2014-01-23 18:00:00,343.323,80.0,423.323,1
2013-12-07 19:00:00,343.322,80.0,423.322,1
2013-12-15 18:00:00,343.186,80.0,423.186,1
2013-01-19 16:30:00,423.077,0.0,423.077,1
2013-04-08 20:00:00,343.038,80.0,423.038,1
2013-01-20 13:30:00,423.027,0.0,423.027,1
2013-03-12 18:00:00,343.004,80.0,423.004,1
2014-01-15 20:30:00,342.965,80.0,422.965,1
2013-02-15 21:00:00,342.866,80.0,422.866,1
2013-03-01 18:00:00,342.825,80.0,422.825,1
2014-01-17 20:00:00,342.745,80.0,422.745,1
2014-02-14 20:30:00,342.719,80.0,422.719,1
2014-02-26 18:30:00,342.698,80.0,422.698,1
2014-02-23 18:00:00,342.662,80.0,422.662,1
2014-01-13 21:00:00,342.617,80.0,422.617,1
2013-12-14 20:00:00,342.58,80.0,422.58,1
2014-02-04 21:00:00,342.524,80.0,422.524,1
2013-01-05 20:00:00,342.476,80.0,422.476,1
2013-02-20 18:30:00,342.455,80.0,422.455,1
2014-02-25 19:30:00,342.422,80.0,422.422,1
2013-11-04 19:30:00,342.39,80.0,422.39,1
2013-01-12 21:30:00,342.332,80.0,422.332,1
2013-02-27 20:30:00,342.33,80.0,422.33,1
2013-11-19 20:30:00,342.298,80.0,422.298,1
2013-04-09 19:00:00,342.201,80.0,422.201,1
2013-03-17 18:30:00,342.188,80.0,422.188,1
2013-12-02 20:00:00,342.116,80.0,422.116,1
2013-03-03 18:00:00,342.099,80.0,422.099,1
2013-11-25 18:00:00,342.076,80.0,422.076,1
2014-01-31 20:30:00,342.041,80.0,422.041,1
2014-01-10 18:00:00,342.035,80.0,422.035,1
2013-03-13 18:00:00,342.03,80.0,422.03,1
2013-01-18 17:30:00,421.986,0.0,421.986,1
2013-02-19 20:30:00,341.972,80.0,421.972,1
2013-11-03 19:30:00,341.825,80.0,421.825,1
2013-12-26 19:30:00,341.803,80.0,421.803,1
2014-02-12 21:00:00,341.67,80.0,421.67,1
2013-02-16 20:00:00,341.594,80.0,421.594,1
2013-04-03 20:30:00,341.553,80.0,421.553,1
2013-11-04 18:30:00,341.545,80.0,421.545,1
2013-04-02 20:30:00,341.435,80.0,421.435,1
2014-01-09 21:00:00,341.368,80.0,421.368,1
2014-01-07 20:30:00,341.355,80.0,421.355,1
2014-01-13 20:30:00,341.294,80.0,421.294,1
2014-01-29 21:00:00,341.274,80.0,421.274,1
2013-11-26 19:30:00,341.204,80.0,421.204,1
2013-11-18 20:30:00,341.15500000000003,80.0,421.15500000000003,1
2013-03-28 19:00:00,341.128,80.0,421.128,1
2013-12-06 20:00:00,341.0,80.0,421.0,1
2013-11-16 19:30:00,340.983,80.0,420.983,1
2013-04-01 20:30:00,340.943,80.0,420.943,1
2013-11-26 19:00:00,340.749,80.0,420.749,1
2013-03-28 20:00:00,340.738,80.0,420.738,1
2014-01-29 20:30:00,340.722,80.0,420.722,1
2013-12-18 20:30:00,340.717,80.0,420.717,1
2014-02-16 20:30:00,340.705,80.0,420.705,1
2013-02-21 21:00:00,340.688,80.0,420.688,1
2013-03-15 21:00:00,340.585,80.0,420.585,1
2013-01-29 21:30:00,340.56,80.0,420.56,1
2013-03-20 18:00:00,340.539,80.0,420.539,1
2013-01-03 21:00:00,340.539,80.0,420.539,1
2013-12-12 18:00:00,340.522,80.0,420.522,1
2013-02-19 21:00:00,340.414,80.0,420.414,1
2013-02-17 21:30:00,340.37,80.0,420.37,1
2013-01-27 21:30:00,340.314,80.0,420.314,1
2014-01-01 20:30:00,340.219,80.0,420.219,1
2013-12-26 18:30:00,340.156,80.0,420.156,1
2013-12-07 18:30:00,340.058,80.0,420.058,1
2014-02-17 18:00:00,339.947,80.0,419.947,1
2013-02-22 21:30:00,339.896,80.0,419.896,1
2013-11-17 20:00:00,339.823,80.0,419.823,1
2013-11-11 20:30:00,339.742,80.0,419.742,1
2014-01-25 20:30:00,339.7,80.0,419.7,1
2013-01-29 21:00:00,339.674,80.0,419.674,1
2014-01-19 19:00:00,339.63,80.0,419.63,1
2013-02-17 21:00:00,339.611,80.0,419.611,1
2014-02-21 18:30:00,339.546,80.0,419.546,1
2013-01-30 18:00:00,339.535,80.0,419.535,1
2013-02-27 18:30:00,339.51,80.0,419.51,1
2014-02-17 20:30:00,339.504,80.0,419.504,1
2013-12-27 20:00:00,339.468,80.0,419.468,1
2013-04-04 21:00:00,339.417,80.0,419.417,1
2013-01-20 16:30:00,419.374,0.0,419.374,1
2013-02-28 18:00:00,339.286,80.0,419.286,1
2013-01-05 20:30:00,339.203,80.0,419.203,1
2013-03-08 20:30:00,339.15500000000003,80.0,419.15500000000003,1
2013-11-15 20:00:00,339.144,80.0,419.144,1
2014-02-22 18:30:00,339.124,80.0,419.124,1
2013-11-15 19:30:00,338.967,80.0,418.967,1
2013-01-19 14:00:00,418.919,0.0,418.919,1
2013-11-29 20:00:00,338.906,80.0,418.906,1
2014-02-15 18:00:00,338.841,80.0,418.841,1
2013-11-06 19:30:00,338.778,80.0,418.778,1
2014-02-24 20:00:00,338.552,80.0,418.552,1
2013-01-30 20:30:00,338.498,80.0,418.498,1
2013-02-28 21:30:00,338.488,80.0,418.488,1
2014-02-19 18:30:00,338.488,80.0,418.488,1
2013-02-08 21:30:00,338.372,80.0,418.372,1
2013-03-27 21:00:00,338.343,80.0,418.343,1
2014-02-19 19:30:00,338.335,80.0,418.335,1
2013-12-11 21:00:00,338.3,80.0,418.3,1
2013-11-16 20:00:00,338.228,80.0,418.228,1
2014-02-05 21:00:00,338.158,80.0,418.158,1
2014-02-07 18:00:00,338.131,80.0,418.131,1
2013-03-01 21:00:00,338.062,80.0,418.062,1
2013-03-19 21:30:00,337.856,80.0,417.856,1
2013-02-18 21:00:00,337.856,80.0,417.856,1
2014-02-27 18:30:00,337.808,80.0,417.808,1
2013-11-08 19:30:00,337.732,80.0,417.732,1
2013-02-20 20:30:00,337.678,80.0,417.678,1
2013-12-09 21:00:00,337.6,80.0,417.6,1
2014-01-27 21:00:00,337.597,80.0,417.597,1
2013-11-30 20:00:00,337.596,80.0,417.596,1
2013-03-31 19:30:00,337.524,80.0,417.524,1
2013-11-30 18:00:00,337.424,80.0,417.424,1
2013-11-08 19:00:00,337.413,80.0,417.413,1
2013-11-05 20:00:00,337.295,80.0,417.295,1
2014-01-08 20:30:00,337.292,80.0,417.292,1
2013-11-17 20:30:00,337.196,80.0,417.196,1
2013-01-30 21:00:00,337.124,80.0,417.124,1
2013-12-02 21:00:00,337.104,80.0,417.104,1
2013-12-26 19:00:00,337.103,80.0,417.103,1
2013-02-08 21:00:00,336.912,80.0,416.912,1
2013-02-19 21:30:00,336.841,80.0,416.841,1
2014-01-01 20:00:00,336.63100000000003,80.0,416.63100000000003,1
2013-02-01 21:00:00,336.563,80.0,416.563,1
2013-03-31 20:00:00,336.543,80.0,416.543,1
2013-03-09 18:00:00,336.346,80.0,416.346,1
2013-10-29 18:30:00,336.262,80.0,416.262,1
2013-03-09 21:30:00,336.249,80.0,416.249,1
2013-03-22 21:30:00,336.192,80.0,416.192,1
2013-12-28 20:00:00,336.052,80.0,416.052,1
2013-02-04 21:30:00,335.994,80.0,415.994,1
2013-02-01 21:30:00,335.974,80.0,415.974,1
2013-11-26 18:30:00,335.926,80.0,415.926,1
2013-12-12 20:30:00,335.898,80.0,415.898,1
2013-02-05 17:30:00,415.89,0.0,415.89,1
2013-12-10 20:30:00,335.862,80.0,415.862,1
2013-11-22 20:30:00,335.828,80.0,415.828,1
2013-01-06 21:00:00,335.651,80.0,415.651,1
2013-11-28 20:30:00,335.65,80.0,415.65,1
2013-03-02 21:30:00,335.591,80.0,415.591,1
2013-03-30 20:30:00,335.55,80.0,415.55,1
2013-12-06 20:30:00,335.47,80.0,415.47,1
2013-02-27 21:00:00,335.433,80.0,415.433,1
2013-04-01 19:00:00,335.396,80.0,415.396,1
2013-03-01 21:30:00,335.382,80.0,415.382,1
2013-03-20 21:30:00,335.377,80.0,415.377,1
2013-12-26 18:00:00,335.301,80.0,415.301,1
2013-03-19 18:30:00,335.295,80.0,415.295,1
2013-12-08 20:30:00,335.165,80.0,415.165,1
2013-12-15 20:00:00,335.102,80.0,415.102,1
2013-11-07 19:00:00,334.954,80.0,414.954,1
2014-02-18 20:30:00,334.921,80.0,414.921,1
2013-04-03 18:00:00,334.897,80.0,414.897,1
2013-01-04 20:30:00,334.895,80.0,414.895,1
2013-03-07 21:00:00,334.851,80.0,414.851,1
2013-12-16 18:00:00,334.809,80.0,414.809,1
2013-01-26 21:30:00,334.576,80.0,414.576,1
2013-10-11 18:30:00,334.525,80.0,414.525,1
2013-11-21 21:00:00,334.513,80.0,414.513,1
2014-01-29 21:30:00,334.427,80.0,414.427,1
2013-12-07 18:00:00,334.387,80.0,414.387,1
2013-11-27 19:00:00,334.379,80.0,414.379,1
2014-01-16 20:30:00,334.352,80.0,414.352,1
2013-10-29 19:30:00,334.323,80.0,414.323,1
2013-03-04 18:00:00,334.319,80.0,414.319,1
2014-01-20 21:00:00,334.123,80.0,414.123,1
2014-01-02 20:30:00,334.099,80.0,414.099,1
2013-11-13 20:30:00,334.076,80.0,414.076,1
2014-01-03 20:30:00,334.05,80.0,414.05,1
2013-03-27 21:30:00,334.041,80.0,414.041,1
2014-01-22 20:30:00,334.002,80.0,414.002,1
2013-01-11 21:30:00,333.957,80.0,413.957,1
2014-02-19 19:00:00,333.653,80.0,413.653,1
2014-02-03 21:00:00,333.618,80.0,413.618,1
2013-11-08 18:30:00,333.61,80.0,413.61,1
2013-02-14 18:00:00,333.317,80.0,413.317,1
2013-12-01 17:30:00,413.315,0.0,413.315,1
2014-01-23 20:30:00,333.202,80.0,413.202,1
2013-10-30 19:00:00,333.184,80.0,413.184,1
2013-11-09 19:00:00,333.047,80.0,413.047,1
2013-03-27 18:30:00,332.952,80.0,412.952,1
2014-02-22 19:30:00,332.864,80.0,412.864,1
2013-11-26 20:00:00,332.822,80.0,412.822,1
2013-01-19 21:30:00,332.822,80.0,412.822,1
2013-12-04 20:30:00,332.796,80.0,412.796,1
2013-12-21 20:00:00,332.796,80.0,412.796,1
2013-04-08 19:30:00,332.793,80.0,412.793,1
2013-12-03 21:00:00,332.769,80.0,412.769,1
2013-11-04 20:00:00,332.748,80.0,412.748,1
2013-10-14 18:30:00,332.724,80.0,412.724,1
2013-01-30 21:30:00,332.718,80.0,412.718,1
2013-03-08 18:00:00,332.71,80.0,412.71,1
2013-02-15 21:30:00,332.612,80.0,412.612,1
2013-03-15 21:30:00,332.609,80.0,412.609,1
2013-11-27 18:30:00,332.548,80.0,412.548,1
2013-10-28 19:00:00,332.53,80.0,412.53,1
2013-03-17 21:00:00,332.495,80.0,412.495,1
2013-12-23 20:30:00,332.436,80.0,412.436,1
2013-12-29 21:00:00,332.392,80.0,412.392,1
2014-02-06 20:30:00,332.297,80.0,412.297,1
2014-01-14 21:00:00,332.237,80.0,412.237,1
2013-01-05 21:00:00,332.209,80.0,412.209,1
2013-03-15 18:00:00,332.107,80.0,412.107,1
2014-01-24 20:30:00,332.076,80.0,412.076,1
2014-02-06 20:00:00,332.021,80.0,412.021,1
2013-01-20 17:30:00,411.935,0.0,411.935,1
2013-12-10 21:00:00,331.892,80.0,411.892,1
2013-12-28 18:00:00,331.871,80.0,411.871,1
2013-12-20 20:30:00,331.819,80.0,411.819,1
2013-11-18 21:00:00,331.806,80.0,411.806,1
2013-11-18 18:00:00,331.789,80.0,411.789,1
2014-02-20 18:30:00,331.735,80.0,411.735,1
2013-11-07 19:30:00,331.617,80.0,411.617,1
2013-04-09 19:30:00,331.586,80.0,411.586,1
2013-11-25 21:00:00,331.399,80.0,411.399,1
2014-02-02 21:00:00,331.372,80.0,411.372,1
2013-11-16 18:00:00,331.303,80.0,411.303,1
2013-10-30 18:30:00,331.21,80.0,411.21,1
2014-02-21 20:00:00,331.201,80.0,411.201,1
2014-02-12 21:30:00,331.189,80.0,411.189,1
2014-01-04 20:30:00,331.175,80.0,411.175,1
2014-01-19 18:00:00,331.143,80.0,411.143,1
2013-03-30 18:30:00,331.112,80.0,411.112,1
2013-11-27 19:30:00,331.053,80.0,411.053,1
2014-02-27 20:00:00,331.051,80.0,411.051,1
2014-01-17 18:00:00,330.948,80.0,410.948,1
2014-02-16 21:00:00,330.915,80.0,410.915,1
2013-04-07 19:30:00,330.845,80.0,410.845,1
2014-02-17 21:00:00,330.803,80.0,410.803,1
2013-10-28 19:30:00,330.765,80.0,410.765,1
2013-11-06 18:00:00,330.617,80.0,410.617,1
2014-02-27 19:30:00,330.462,80.0,410.462,1
2013-02-02 21:30:00,330.444,80.0,410.444,1
2013-02-03 17:30:00,410.403,0.0,410.403,1
2014-01-28 21:30:00,330.279,80.0,410.279,1
2013-03-18 18:00:00,330.224,80.0,410.224,1
2014-01-12 21:00:00,330.023,80.0,410.023,1
2013-12-16 21:00:00,329.994,80.0,409.994,1
2013-11-12 20:00:00,329.846,80.0,409.846,1
2014-02-13 21:30:00,329.705,80.0,409.705,1
2014-01-23 21:00:00,329.636,80.0,409.636,1
2014-02-16 21:30:00,329.583,80.0,409.583,1
2014-01-13 21:30:00,329.563,80.0,409.563,1
2014-01-18 20:30:00,329.414,80.0,409.414,1
2013-02-18 21:30:00,329.376,80.0,409.376,1
2013-11-15 18:00:00,329.284,80.0,409.284,1
2014-02-20 20:00:00,329.261,80.0,409.261,1
2013-12-01 21:00:00,329.254,80.0,409.254,1
2013-11-14 20:30:00,329.09,80.0,409.09,1
2013-01-03 21:30:00,329.078,80.0,409.078,1
2013-03-06 20:30:00,329.066,80.0,409.066,1
2014-02-19 20:00:00,329.065,80.0,409.065,1
2013-12-21 20:30:00,329.063,80.0,409.063,1
2013-12-30 20:30:00,329.016,80.0,409.016,1
2014-01-11 20:30:00,328.96,80.0,408.96,1
2014-02-09 21:30:00,328.946,80.0,408.946,1
2014-02-20 19:30:00,328.93,80.0,408.93,1
2013-12-07 19:30:00,328.737,80.0,408.737,1
2013-11-29 18:00:00,328.695,80.0,408.695,1
2013-12-22 21:00:00,328.67900000000003,80.0,408.67900000000003,1
2014-02-27 20:30:00,328.593,80.0,408.593,1
2013-11-29 20:30:00,328.582,80.0,408.582,1
2013-01-07 21:30:00,328.503,80.0,408.503,1
2014-02-20 19:00:00,328.501,80.0,408.501,1
2013-11-20 21:30:00,328.468,80.0,408.468,1
2013-01-20 15:30:00,408.451,0.0,408.451,1
2013-03-23 21:30:00,328.425,80.0,408.425,1
2013-10-30 19:30:00,328.385,80.0,408.385,1
2014-01-27 21:30:00,328.355,80.0,408.355,1
2013-03-21 18:00:00,328.349,80.0,408.349,1
2014-02-04 21:30:00,328.274,80.0,408.274,1
2013-04-09 20:00:00,328.161,80.0,408.161,1
2013-11-28 18:00:00,328.124,80.0,408.124,1
2014-02-11 21:30:00,327.992,80.0,407.992,1
2013-03-29 20:00:00,327.836,80.0,407.836,1
2013-03-14 18:00:00,327.829,80.0,407.829,1
2013-12-11 21:30:00,327.781,80.0,407.781,1
2013-10-28 18:30:00,327.761,80.0,407.761,1
2014-01-26 21:30:00,327.76,80.0,407.76,1
2013-11-26 20:30:00,327.753,80.0,407.753,1
2013-10-14 18:00:00,327.737,80.0,407.737,1
2013-01-08 21:00:00,327.7,80.0,407.7,1
2014-02-25 20:00:00,327.637,80.0,407.637,1
2014-01-24 21:00:00,327.613,80.0,407.613,1
2014-02-23 20:30:00,327.579,80.0,407.579,1
2014-01-07 21:00:00,327.569,80.0,407.569,1
2013-11-21 21:30:00,327.362,80.0,407.362,1
2013-11-23 20:30:00,327.32,80.0,407.32,1
2014-02-06 21:00:00,327.247,80.0,407.247,1
2013-12-16 20:30:00,327.234,80.0,407.234,1
2013-03-16 18:30:00,327.14,80.0,407.14,1
2014-01-30 21:00:00,327.071,80.0,407.071,1
2014-02-03 21:30:00,327.013,80.0,407.013,1
2013-04-02 19:00:00,326.968,80.0,406.968,1
2013-11-07 18:30:00,326.952,80.0,406.952,1
2013-11-11 21:00:00,326.947,80.0,406.947,1
2013-12-08 21:00:00,326.859,80.0,406.859,1
2013-02-21 21:30:00,326.813,80.0,406.813,1
2013-01-06 21:30:00,326.802,80.0,406.802,1
2014-02-08 20:30:00,326.759,80.0,406.759,1
2013-11-06 20:00:00,326.758,80.0,406.758,1
2013-04-05 19:30:00,326.517,80.0,406.517,1
2013-10-16 18:30:00,326.459,80.0,406.459,1
2013-11-19 21:00:00,326.416,80.0,406.416,1
2013-11-20 21:00:00,326.387,80.0,406.387,1
2013-11-24 21:00:00,326.386,80.0,406.386,1
2013-12-30 21:00:00,326.332,80.0,406.332,1
2013-01-20 14:00:00,406.306,0.0,406.306,1
2014-02-01 20:30:00,326.266,80.0,406.266,1
2013-10-15 18:30:00,326.063,80.0,406.063,1
2013-12-26 20:00:00,326.00600000000003,80.0,406.00600000000003,1
2013-12-23 21:00:00,325.909,80.0,405.909,1
2013-12-31 20:30:00,325.887,80.0,405.887,1
2014-02-18 21:00:00,325.885,80.0,405.885,1
2013-02-16 20:30:00,325.848,80.0,405.848,1
2013-03-07 21:30:00,325.843,80.0,405.843,1
2013-12-27 20:30:00,325.838,80.0,405.838,1
2014-01-17 20:30:00,325.715,80.0,405.715,1
2013-01-31 21:00:00,325.643,80.0,405.643,1
2014-01-15 21:30:00,325.629,80.0,405.629,1
2014-02-05 21:30:00,325.603,80.0,405.603,1
2013-04-10 19:30:00,325.573,80.0,405.573,1
2013-12-08 21:30:00,325.568,80.0,405.568,1
2014-01-21 21:30:00,325.378,80.0,405.378,1
2014-02-09 21:00:00,325.36,80.0,405.36,1
2013-12-05 21:30:00,325.244,80.0,405.244,1
2013-12-18 21:00:00,325.113,80.0,405.113,1
2013-10-30 20:00:00,325.07,80.0,405.07,1
2013-02-19 18:00:00,325.068,80.0,405.068,1
2013-04-08 20:30:00,325.008,80.0,405.008,1
2013-11-03 20:00:00,324.784,80.0,404.784,1
2014-01-01 21:00:00,324.782,80.0,404.782,1
2013-01-18 17:00:00,404.724,0.0,404.724,1
2013-12-22 21:30:00,324.667,80.0,404.667,1
2014-01-10 20:30:00,324.626,80.0,404.626,1
2013-12-13 20:30:00,324.609,80.0,404.609,1
2014-01-22 21:00:00,324.565,80.0,404.565,1
2014-01-16 21:00:00,324.412,80.0,404.412,1
2013-01-04 21:00:00,324.339,80.0,404.339,1
2014-02-14 21:00:00,324.28,80.0,404.28,1
2013-12-14 20:30:00,324.255,80.0,404.255,1
2013-10-21 18:00:00,324.164,80.0,404.164,1
2014-01-22 21:30:00,324.13,80.0,404.13,1
2013-03-28 20:30:00,324.04,80.0,404.04,1
2014-02-07 20:30:00,324.034,80.0,404.034,1
2014-02-26 20:30:00,324.031,80.0,404.031,1
2014-02-24 20:30:00,323.952,80.0,403.952,1
2014-01-31 21:00:00,323.813,80.0,403.813,1
2014-01-06 21:30:00,323.778,80.0,403.778,1
2013-11-08 20:00:00,323.748,80.0,403.748,1
2013-03-06 21:00:00,323.676,80.0,403.676,1
2013-12-26 20:30:00,323.673,80.0,403.673,1
2013-04-05 19:00:00,323.672,80.0,403.672,1
2013-10-31 18:30:00,323.654,80.0,403.654,1
2014-01-14 21:30:00,323.601,80.0,403.601,1
2013-01-19 16:00:00,403.598,0.0,403.598,1
2013-04-07 19:00:00,323.5,80.0,403.5,1
2013-11-26 21:00:00,323.35,80.0,403.35,1
2013-12-20 21:00:00,323.3,80.0,403.3,1
2013-01-08 21:30:00,323.252,80.0,403.252,1
2013-03-05 21:30:00,323.213,80.0,403.213,1
2014-01-23 21:30:00,323.145,80.0,403.145,1
2013-11-27 20:00:00,323.109,80.0,403.109,1
2013-04-03 21:00:00,322.843,80.0,402.843,1
2013-01-17 17:30:00,402.703,0.0,402.703,1
2013-10-11 18:00:00,322.686,80.0,402.686,1
2013-12-17 21:00:00,322.495,80.0,402.495,1
2013-10-15 19:00:00,322.485,80.0,402.485,1
2013-12-02 21:30:00,322.48,80.0,402.48,1
2013-11-17 21:00:00,322.47,80.0,402.47,1
2013-01-09 21:30:00,322.434,80.0,402.434,1
2013-04-09 18:30:00,322.345,80.0,402.345,1
2013-11-10 21:00:00,322.284,80.0,402.284,1
2013-03-16 20:30:00,322.249,80.0,402.249,1
2014-02-02 21:30:00,322.223,80.0,402.223,1
2014-01-02 21:00:00,322.195,80.0,402.195,1
2014-02-10 21:30:00,322.145,80.0,402.145,1
2014-01-30 21:30:00,322.001,80.0,402.001,1
2014-02-01 21:00:00,322.001,80.0,402.001,1
2013-11-04 18:00:00,321.978,80.0,401.978,1
2013-10-15 18:00:00,321.881,80.0,401.881,1
2014-01-09 21:30:00,321.865,80.0,401.865,1
2014-02-24 18:00:00,321.799,80.0,401.799,1
2013-12-07 20:00:00,321.776,80.0,401.776,1
2013-04-09 20:30:00,321.689,80.0,401.689,1
2014-02-22 20:00:00,321.552,80.0,401.552,1
2013-11-26 18:00:00,321.491,80.0,401.491,1
2013-12-01 21:30:00,321.409,80.0,401.409,1
2013-04-05 18:30:00,321.402,80.0,401.402,1
2013-12-24 21:00:00,321.363,80.0,401.363,1
2014-01-03 21:00:00,321.297,80.0,401.297,1
2013-11-19 21:30:00,321.281,80.0,401.281,1
2013-02-10 17:30:00,401.097,0.0,401.097,1
2014-01-08 21:00:00,321.051,80.0,401.051,1
2013-03-02 18:00:00,321.045,80.0,401.045,1
2013-01-21 17:30:00,400.974,0.0,400.974,1
2013-12-03 21:30:00,320.97,80.0,400.97,1
2014-01-20 21:30:00,320.926,80.0,400.926,1
2013-02-20 21:00:00,320.862,80.0,400.862,1
2013-01-31 21:30:00,320.835,80.0,400.835,1
2013-11-13 21:00:00,320.73,80.0,400.73,1
2013-11-12 20:30:00,320.729,80.0,400.729,1
2013-11-12 18:00:00,320.7,80.0,400.7,1
2014-01-19 19:30:00,320.647,80.0,400.647,1
2013-02-27 21:30:00,320.618,80.0,400.618,1
2013-11-05 18:00:00,320.583,80.0,400.583,1
2013-12-17 21:30:00,320.512,80.0,400.512,1
2014-01-25 21:00:00,320.422,80.0,400.422,1
2014-02-19 20:30:00,320.405,80.0,400.405,1
2013-10-28 20:00:00,320.352,80.0,400.352,1
2013-10-11 19:00:00,320.248,80.0,400.248,1
2014-01-11 21:00:00,320.198,80.0,400.198,1
2013-01-19 15:30:00,400.112,0.0,400.112,1
2013-03-31 19:00:00,319.931,80.0,399.931,1
2013-04-10 18:30:00,319.921,80.0,399.921,1
2013-04-04 21:30:00,319.918,80.0,399.918,1
2013-04-10 19:00:00,319.827,80.0,399.827,1
2013-03-07 18:00:00,319.713,80.0,399.713,1
2013-10-16 18:00:00,319.646,80.0,399.646,1
2013-03-29 18:30:00,319.557,80.0,399.557,1
2014-02-27 21:00:00,319.451,80.0,399.451,1
2013-10-27 19:00:00,319.392,80.0,399.392,1
2013-11-07 20:00:00,319.234,80.0,399.234,1
2013-12-04 21:00:00,319.199,80.0,399.199,1
2013-11-22 21:00:00,319.182,80.0,399.182,1
2014-02-25 20:30:00,319.041,80.0,399.041,1
2013-10-14 19:00:00,318.925,80.0,398.925,1
2013-03-31 20:30:00,318.775,80.0,398.775,1
2013-10-18 18:00:00,318.711,80.0,398.711,1
2013-12-28 20:30:00,318.683,80.0,398.683,1
2013-11-09 19:30:00,318.586,80.0,398.586,1
2013-10-23 18:00:00,318.403,80.0,398.403,1
2013-10-09 18:30:00,318.362,80.0,398.362,1
2013-11-07 20:30:00,318.287,80.0,398.287,1
2013-11-27 18:00:00,318.254,80.0,398.254,1
2013-12-18 21:30:00,318.238,80.0,398.238,1
2013-04-10 20:00:00,318.231,80.0,398.231,1
2013-03-29 20:30:00,318.2,80.0,398.2,1
2013-10-29 20:00:00,317.921,80.0,397.921,1
2013-12-13 21:00:00,317.916,80.0,397.916,1
2013-01-20 12:30:00,397.853,0.0,397.853,1
2013-04-05 18:00:00,317.802,80.0,397.802,1
2013-01-19 17:30:00,397.785,0.0,397.785,1
2013-01-06 17:30:00,397.714,0.0,397.714,1
2013-04-07 20:00:00,317.492,80.0,397.492,1
2014-01-07 21:30:00,317.356,80.0,397.356,1
2013-01-04 21:30:00,317.349,80.0,397.349,1
2013-10-01 18:30:00,317.311,80.0,397.311,1
2013-10-10 18:30:00,317.203,80.0,397.203,1
2013-04-02 21:30:00,317.124,80.0,397.124,1
2013-12-24 21:30:00,317.096,80.0,397.096,1
2013-11-24 21:30:00,317.063,80.0,397.063,1
2013-01-13 17:00:00,397.054,0.0,397.054,1
2013-10-27 18:00:00,317.018,80.0,397.018,1
2014-01-05 17:30:00,396.954,0.0,396.954,1
2014-01-12 21:30:00,316.872,80.0,396.872,1
2014-01-19 20:00:00,316.852,80.0,396.852,1
2013-12-10 21:30:00,316.842,80.0,396.842,1
2014-01-31 21:30:00,316.76,80.0,396.76,1
2013-01-05 21:30:00,316.703,80.0,396.703,1
2013-11-05 20:30:00,316.603,80.0,396.603,1
2013-12-12 21:00:00,316.484,80.0,396.484,1
2013-12-29 21:30:00,316.438,80.0,396.438,1
2013-10-27 18:30:00,316.401,80.0,396.401,1
2013-04-02 21:00:00,316.352,80.0,396.352,1
2013-12-31 21:00:00,316.29,80.0,396.29,1
2013-12-20 21:30:00,316.123,80.0,396.123,1
2013-03-17 21:30:00,316.114,80.0,396.114,1
2013-10-18 18:30:00,316.082,80.0,396.082,1
2013-10-24 18:30:00,316.078,80.0,396.078,1
2014-02-26 21:00:00,316.022,80.0,396.022,1
2014-02-18 21:30:00,315.994,80.0,395.994,1
2013-12-30 21:30:00,315.906,80.0,395.906,1
2013-02-16 21:00:00,315.849,80.0,395.849,1
2013-12-15 20:30:00,315.624,80.0,395.624,1
2013-11-25 21:30:00,315.603,80.0,395.603,1
2013-12-16 21:30:00,315.546,80.0,395.546,1
2013-10-17 18:00:00,315.503,80.0,395.503,1
2013-11-14 21:00:00,315.466,80.0,395.466,1
2013-10-28 18:00:00,315.421,80.0,395.421,1
2013-11-03 20:30:00,315.397,80.0,395.397,1
2014-01-15 21:00:00,315.19,80.0,395.19,1
2013-10-31 19:00:00,315.189,80.0,395.189,1
2013-01-12 17:30:00,394.947,0.0,394.947,1
2013-12-27 21:00:00,314.933,80.0,394.933,1
2013-10-13 18:00:00,314.86,80.0,394.86,1
2013-12-12 21:30:00,314.651,80.0,394.651,1
2014-02-27 21:30:00,314.65,80.0,394.65,1
2013-11-08 20:30:00,314.643,80.0,394.643,1
2013-04-01 18:30:00,314.555,80.0,394.555,1
2013-03-08 21:00:00,314.493,80.0,394.493,1
2013-03-06 18:00:00,314.453,80.0,394.453,1
2013-11-22 21:30:00,314.452,80.0,394.452,1
2013-10-16 19:00:00,314.427,80.0,394.427,1
2014-01-04 21:00:00,314.292,80.0,394.292,1
2013-02-20 18:00:00,314.24,80.0,394.24,1
2014-02-20 20:30:00,314.09,80.0,394.09,1
2013-01-19 14:30:00,394.063,0.0,394.063,1
2013-10-30 20:30:00,314.034,80.0,394.034,1
2013-04-01 21:00:00,314.031,80.0,394.031,1
2013-03-06 21:30:00,314.016,80.0,394.016,1
2013-03-28 21:00:00,313.783,80.0,393.783,1
2013-12-26 21:00:00,313.762,80.0,393.762,1
2013-04-08 21:00:00,313.468,80.0,393.468,1
2013-10-10 18:00:00,313.452,80.0,393.452,1
2013-01-24 17:30:00,393.178,0.0,393.178,1
2013-03-30 21:00:00,313.078,80.0,393.078,1
2013-02-20 21:30:00,313.032,80.0,393.032,1
2013-11-16 20:30:00,312.792,80.0,392.792,1
2013-10-13 19:00:00,312.729,80.0,392.729,1
2014-02-08 21:00:00,312.634,80.0,392.634,1
2013-09-17 18:30:00,312.602,80.0,392.602,1
2014-02-22 18:00:00,312.532,80.0,392.532,1
2013-12-09 21:30:00,312.51,80.0,392.51,1
2013-11-08 18:00:00,312.479,80.0,392.479,1
2014-02-15 20:30:00,312.471,80.0,392.471,1
2013-03-28 18:30:00,312.452,80.0,392.452,1
2014-01-02 21:30:00,312.429,80.0,392.429,1
2014-02-19 18:00:00,312.361,80.0,392.361,1
2013-10-07 18:00:00,312.297,80.0,392.297,1
2013-12-06 21:00:00,312.286,80.0,392.286,1
2013-03-16 21:00:00,312.272,80.0,392.272,1
2013-11-06 20:30:00,312.232,80.0,392.232,1
2013-01-19 15:00:00,392.214,0.0,392.214,1
2014-01-11 21:30:00,312.198,80.0,392.198,1
2013-11-30 20:30:00,312.128,80.0,392.128,1
2013-10-25 18:30:00,312.089,80.0,392.089,1
2013-01-16 17:30:00,392.031,0.0,392.031,1
2013-11-17 21:30:00,312.026,80.0,392.026,1
2014-01-10 21:00:00,311.989,80.0,391.989,1
2013-04-08 19:00:00,311.987,80.0,391.987,1
2013-10-08 18:30:00,311.85,80.0,391.85,1
2013-11-04 20:30:00,311.811,80.0,391.811,1
2013-10-21 18:30:00,311.686,80.0,391.686,1
2014-02-18 18:00:00,311.645,80.0,391.645,1
2013-11-30 21:00:00,311.639,80.0,391.639,1
2013-04-02 18:30:00,311.449,80.0,391.449,1
2013-10-29 18:00:00,311.447,80.0,391.447,1
2013-12-23 21:30:00,311.328,80.0,391.328,1
2013-11-10 21:30:00,310.977,80.0,390.977,1
2013-11-27 20:30:00,310.94,80.0,390.94,1
2013-11-05 21:00:00,310.873,80.0,390.873,1
2013-04-05 20:00:00,310.834,80.0,390.834,1
2014-02-06 21:30:00,310.808,80.0,390.808,1
2013-11-15 20:30:00,310.762,80.0,390.762,1
2013-11-23 21:00:00,310.761,80.0,390.761,1
2014-01-17 21:00:00,310.545,80.0,390.545,1
2013-11-28 21:00:00,310.545,80.0,390.545,1
2014-02-25 21:00:00,310.424,80.0,390.424,1
2013-10-23 18:30:00,310.402,80.0,390.402,1
2013-10-27 19:30:00,310.303,80.0,390.303,1
2013-11-01 19:00:00,310.253,80.0,390.253,1
2014-02-21 20:30:00,310.178,80.0,390.178,1
2013-03-31 18:30:00,310.166,80.0,390.166,1
2014-01-24 21:30:00,310.059,80.0,390.059,1
2013-11-02 18:00:00,310.051,80.0,390.051,1
2013-09-17 19:00:00,310.016,80.0,390.016,1
2014-01-08 21:30:00,310.002,80.0,390.002,1
2013-10-30 18:00:00,309.882,80.0,389.882,1
2013-12-25 18:30:00,309.875,80.0,389.875,1
2013-11-01 18:30:00,309.871,80.0,389.871,1
2014-01-03 21:30:00,309.75,80.0,389.75,1
2013-11-14 21:30:00,309.647,80.0,389.647,1
2013-12-07 20:30:00,309.645,80.0,389.645,1
2014-02-14 21:30:00,309.638,80.0,389.638,1
2014-02-21 18:00:00,309.61,80.0,389.61,1
2013-04-11 18:30:00,309.536,80.0,389.536,1
2013-01-20 14:30:00,389.455,0.0,389.455,1
2013-09-10 18:30:00,309.432,80.0,389.432,1
2013-11-07 18:00:00,309.419,80.0,389.419,1
2014-02-01 21:30:00,309.403,80.0,389.403,1
2013-11-02 18:30:00,309.382,80.0,389.382,1
2013-04-07 20:30:00,309.355,80.0,389.355,1
2013-10-17 18:30:00,309.275,80.0,389.275,1
2013-10-31 19:30:00,309.178,80.0,389.178,1
2014-02-23 21:00:00,309.139,80.0,389.139,1
2013-01-20 15:00:00,389.097,0.0,389.097,1
2013-04-11 20:00:00,309.017,80.0,389.017,1
2013-12-25 19:00:00,308.989,80.0,388.989,1
2013-10-08 18:00:00,308.879,80.0,388.879,1
2013-01-23 17:30:00,388.829,0.0,388.829,1
2013-04-12 19:00:00,308.751,80.0,388.751,1
2013-12-04 21:30:00,308.74,80.0,388.74,1
2013-10-15 19:30:00,308.7,80.0,388.7,1
2013-11-13 21:30:00,308.634,80.0,388.634,1
2013-10-07 18:30:00,308.59,80.0,388.59,1
2013-04-03 21:30:00,308.583,80.0,388.583,1
2013-04-09 21:00:00,308.508,80.0,388.508,1
2013-09-22 19:00:00,308.501,80.0,388.501,1
2013-09-23 19:00:00,308.478,80.0,388.478,1
2013-10-25 18:00:00,308.389,80.0,388.389,1
2014-01-25 21:30:00,308.386,80.0,388.386,1
2013-01-22 17:30:00,388.382,0.0,388.382,1
2013-10-09 19:00:00,308.349,80.0,388.349,1
2013-11-29 21:00:00,308.339,80.0,388.339,1
2013-10-01 19:00:00,308.108,80.0,388.108,1
2013-04-11 19:30:00,308.102,80.0,388.102,1
2013-10-16 19:30:00,308.03,80.0,388.03,1
2013-03-17 18:00:00,307.856,80.0,387.856,1
2014-01-18 21:00:00,307.813,80.0,387.813,1
2013-10-24 18:00:00,307.689,80.0,387.689,1
2013-10-22 19:00:00,307.638,80.0,387.638,1
2013-01-19 13:30:00,387.502,0.0,387.502,1
2013-12-13 21:30:00,307.412,80.0,387.412,1
2013-09-15 19:00:00,307.198,80.0,387.198,1
2013-10-22 18:00:00,307.164,80.0,387.164,1
2013-11-18 21:30:00,306.821,80.0,386.821,1
2013-10-03 18:30:00,306.688,80.0,386.688,1
2013-11-12 21:00:00,306.675,80.0,386.675,1
2013-04-05 20:30:00,306.666,80.0,386.666,1
2013-01-19 11:30:00,386.636,0.0,386.636,1
2013-09-15 18:30:00,306.556,80.0,386.556,1
2013-12-27 21:30:00,306.508,80.0,386.508,1
2014-02-07 21:00:00,306.467,80.0,386.467,1
2013-03-29 21:00:00,306.408,80.0,386.408,1
2013-03-08 21:30:00,306.224,80.0,386.224,1
2013-04-09 18:00:00,306.067,80.0,386.067,1
2013-02-27 18:00:00,306.063,80.0,386.063,1
2013-04-02 18:00:00,305.965,80.0,385.965,1
2013-02-09 17:30:00,385.925,0.0,385.925,1
2013-10-28 20:30:00,305.883,80.0,385.883,1
2013-11-02 19:00:00,305.877,80.0,385.877,1
2013-09-08 19:30:00,305.845,80.0,385.845,1
2013-11-15 21:00:00,305.794,80.0,385.794,1
2013-11-01 19:30:00,305.709,80.0,385.709,1
2013-10-01 18:00:00,305.68,80.0,385.68,1
2013-04-01 21:30:00,305.652,80.0,385.652,1
2013-04-07 21:00:00,305.572,80.0,385.572,1
2013-12-26 21:30:00,305.499,80.0,385.499,1
2014-02-15 21:00:00,305.485,80.0,385.485,1
2013-03-31 21:00:00,305.438,80.0,385.438,1
2013-09-22 18:30:00,305.301,80.0,385.301,1
2013-10-23 19:00:00,305.152,80.0,385.152,1
2013-10-06 18:30:00,305.137,80.0,385.137,1
2013-04-12 19:30:00,305.01800000000003,80.0,385.01800000000003,1
2013-10-13 18:30:00,304.991,80.0,384.991,1
2013-04-11 20:30:00,304.967,80.0,384.967,1
2014-02-20 18:00:00,304.874,80.0,384.874,1
2013-10-02 18:30:00,304.661,80.0,384.661,1
2013-11-04 21:00:00,304.654,80.0,384.654,1
2013-03-16 18:00:00,304.649,80.0,384.649,1
2013-10-19 18:00:00,304.589,80.0,384.589,1
2013-09-19 19:00:00,304.544,80.0,384.544,1
2013-03-28 21:30:00,304.453,80.0,384.453,1
2013-10-22 18:30:00,304.371,80.0,384.371,1
2013-10-14 19:30:00,304.319,80.0,384.319,1
2014-01-01 21:30:00,304.187,80.0,384.187,1
2013-04-10 20:30:00,304.161,80.0,384.161,1
2013-12-28 21:00:00,304.117,80.0,384.117,1
2014-02-26 18:00:00,304.11,80.0,384.11,1
2013-10-21 19:00:00,304.037,80.0,384.037,1
2013-04-08 21:30:00,304.006,80.0,384.006,1
2013-01-14 17:30:00,384.001,0.0,384.001,1
2013-10-29 20:30:00,303.988,80.0,383.988,1
2014-02-17 21:30:00,303.9,80.0,383.9,1
2013-02-16 21:30:00,303.694,80.0,383.694,1
2013-10-31 18:00:00,303.621,80.0,383.621,1
2013-10-11 19:30:00,303.611,80.0,383.611,1
2013-11-11 21:30:00,303.602,80.0,383.602,1
2013-12-14 21:00:00,303.596,80.0,383.596,1
2013-01-04 17:00:00,383.343,0.0,383.343,1
2013-04-01 18:00:00,303.193,80.0,383.193,1
2013-10-16 20:00:00,303.091,80.0,383.091,1
2013-04-14 19:30:00,303.087,80.0,383.087,1
2013-04-10 21:00:00,303.081,80.0,383.081,1
2013-10-29 21:00:00,302.981,80.0,382.981,1
2013-12-06 21:30:00,302.97,80.0,382.97,1
2013-11-29 21:30:00,302.957,80.0,382.957,1
2013-10-10 19:00:00,302.938,80.0,382.938,1
2013-11-03 21:00:00,302.839,80.0,382.839,1
2013-10-02 19:00:00,302.773,80.0,382.773,1
2014-02-25 21:30:00,302.613,80.0,382.613,1
2014-01-04 21:30:00,302.52,80.0,382.52,1
2013-04-06 19:30:00,302.5,80.0,382.5,1
2014-01-17 21:30:00,302.345,80.0,382.345,1
2013-10-09 18:00:00,302.312,80.0,382.312,1
2013-10-26 18:00:00,302.186,80.0,382.186,1
2013-11-28 21:30:00,302.036,80.0,382.036,1
2013-04-12 18:30:00,302.006,80.0,382.006,1
2013-04-11 19:00:00,301.996,80.0,381.996,1
2013-12-31 21:30:00,301.82,80.0,381.82,1
2014-02-26 21:30:00,301.752,80.0,381.752,1
2013-11-26 21:30:00,301.582,80.0,381.582,1
2013-10-24 19:00:00,301.477,80.0,381.477,1
2014-02-23 21:30:00,301.466,80.0,381.466,1
2013-01-28 17:30:00,381.433,0.0,381.433,1
2013-10-23 19:30:00,301.427,80.0,381.427,1
2013-10-07 19:00:00,301.388,80.0,381.388,1
2013-11-06 21:00:00,301.281,80.0,381.281,1
2013-09-15 19:30:00,301.192,80.0,381.192,1
2013-12-25 19:30:00,301.152,80.0,381.152,1
2013-11-09 20:00:00,301.1,80.0,381.1,1
2013-02-07 17:30:00,381.034,0.0,381.034,1
2013-03-31 18:00:00,301.013,80.0,381.013,1
2013-09-30 18:30:00,300.989,80.0,380.989,1
2013-10-12 18:00:00,300.829,80.0,380.829,1
2013-12-15 21:00:00,300.721,80.0,380.721,1
2014-02-07 21:30:00,300.524,80.0,380.524,1
2013-10-09 19:30:00,300.52,80.0,380.52,1
2013-12-25 20:00:00,300.471,80.0,380.471,1
2013-04-10 18:00:00,300.44,80.0,380.44,1
2013-10-06 19:00:00,300.402,80.0,380.402,1
2013-11-03 21:30:00,300.282,80.0,380.282,1
2013-01-19 13:00:00,380.16,0.0,380.16,1
2013-10-15 20:00:00,300.159,80.0,380.159,1
2014-02-24 21:00:00,300.151,80.0,380.151,1
2013-11-02 20:00:00,300.149,80.0,380.149,1
2013-10-08 19:00:00,300.149,80.0,380.149,1
2013-09-15 18:00:00,300.114,80.0,380.114,1
2014-02-19 21:00:00,300.072,80.0,380.072,1
2013-01-25 17:30:00,380.009,0.0,380.009,1
2013-11-27 21:00:00,299.91,80.0,379.91,1
2014-01-16 21:30:00,299.907,80.0,379.907,1
2014-01-10 21:30:00,299.749,80.0,379.749,1
2014-02-22 20:30:00,299.73,80.0,379.73,1
2013-01-10 17:30:00,379.699,0.0,379.699,1
2013-03-30 18:00:00,299.566,80.0,379.566,1
2013-11-16 21:00:00,299.479,80.0,379.479,1
2013-11-30 21:30:00,299.465,80.0,379.465,1
2013-12-14 21:30:00,299.379,80.0,379.379,1
2013-10-27 20:00:00,299.285,80.0,379.285,1
2013-01-04 16:30:00,379.232,0.0,379.232,1
2013-10-06 19:30:00,299.176,80.0,379.176,1
2014-02-20 21:00:00,299.158,80.0,379.158,1
2013-04-08 18:30:00,299.154,80.0,379.154,1
2013-10-20 18:00:00,299.096,80.0,379.096,1
2014-01-12 17:30:00,379.016,0.0,379.016,1
2013-11-23 21:30:00,299.008,80.0,379.008,1
2013-09-30 19:00:00,298.938,80.0,378.938,1
2013-10-14 20:00:00,298.911,80.0,378.911,1
2013-11-01 18:00:00,298.86,80.0,378.86,1
2013-09-17 19:30:00,298.685,80.0,378.685,1
2013-10-12 18:30:00,298.637,80.0,378.637,1
2013-09-27 18:30:00,298.481,80.0,378.481,1
2013-10-18 19:00:00,298.478,80.0,378.478,1
2013-03-27 18:00:00,298.149,80.0,378.149,1
2013-10-13 19:30:00,298.103,80.0,378.103,1
2014-01-19 20:30:00,297.795,80.0,377.795,1
2013-01-19 12:00:00,377.714,0.0,377.714,1
2013-12-21 21:00:00,297.64300000000003,80.0,377.64300000000003,1
2013-03-19 18:00:00,297.554,80.0,377.554,1
2013-09-28 18:30:00,297.493,80.0,377.493,1
2013-09-10 19:00:00,297.347,80.0,377.347,1
2013-12-25 18:00:00,297.298,80.0,377.298,1
2013-11-02 19:30:00,297.25,80.0,377.25,1
2013-04-07 18:30:00,297.229,80.0,377.229,1
2013-09-08 20:00:00,297.181,80.0,377.181,1
2013-09-17 18:00:00,297.174,80.0,377.174,1
2013-10-06 18:00:00,297.151,80.0,377.151,1
2013-05-14 19:30:00,297.106,80.0,377.106,1
2013-10-03 19:00:00,296.949,80.0,376.949,1
2013-05-29 18:30:00,296.785,80.0,376.785,1
2013-01-17 22:00:00,376.66,0.0,376.66,1
2013-01-26 17:30:00,376.652,0.0,376.652,1
2013-11-05 21:30:00,296.594,80.0,376.594,1
2013-11-07 21:00:00,296.593,80.0,376.593,1
2013-04-12 20:00:00,296.463,80.0,376.463,1
2013-10-01 19:30:00,296.446,80.0,376.446,1
2013-04-22 20:00:00,296.118,80.0,376.118,1
2013-11-01 20:00:00,296.019,80.0,376.019,1
2013-09-11 19:30:00,295.956,80.0,375.956,1
2014-02-15 21:30:00,295.83,80.0,375.83,1
2013-09-29 18:30:00,295.773,80.0,375.773,1
2013-04-05 21:00:00,295.767,80.0,375.767,1
2013-01-19 12:30:00,375.736,0.0,375.736,1
2013-11-08 21:00:00,295.637,80.0,375.637,1
2013-10-21 19:30:00,295.635,80.0,375.635,1
2014-02-27 18:00:00,295.597,80.0,375.597,1
2013-01-16 22:00:00,375.585,0.0,375.585,1
2013-04-06 20:00:00,295.536,80.0,375.536,1
2013-09-22 19:30:00,295.497,80.0,375.497,1
2013-01-19 11:00:00,375.387,0.0,375.387,1
2013-11-09 20:30:00,295.353,80.0,375.353,1
2014-02-22 21:00:00,295.277,80.0,375.277,1
2013-09-16 19:00:00,295.16,80.0,375.16,1
2013-01-20 12:00:00,375.147,0.0,375.147,1
2013-03-31 21:30:00,295.116,80.0,375.116,1
2013-05-14 18:30:00,294.977,80.0,374.977,1
2014-02-25 18:00:00,294.913,80.0,374.913,1
2013-04-12 20:30:00,294.9,80.0,374.9,1
2013-02-24 17:30:00,374.84,0.0,374.84,1
2013-10-30 21:00:00,294.79,80.0,374.79,1
2013-03-30 21:30:00,294.762,80.0,374.762,1
2013-10-25 19:00:00,294.723,80.0,374.723,1
2013-10-19 18:30:00,294.719,80.0,374.719,1
2014-01-05 17:00:00,374.576,0.0,374.576,1
2013-09-23 19:30:00,294.382,80.0,374.382,1
2013-12-21 21:30:00,294.286,80.0,374.286,1
2013-01-15 17:30:00,374.197,0.0,374.197,1
2013-11-07 21:30:00,293.964,80.0,373.964,1
2014-02-21 21:00:00,293.885,80.0,373.885,1
2014-01-18 21:30:00,293.786,80.0,373.786,1
2013-10-08 19:30:00,293.661,80.0,373.661,1
2013-09-11 19:00:00,293.542,80.0,373.542,1
2013-11-12 21:30:00,293.422,80.0,373.422,1
2013-11-15 21:30:00,293.337,80.0,373.337,1
2013-04-07 21:30:00,293.206,80.0,373.206,1
2013-04-09 21:30:00,293.076,80.0,373.076,1
2013-10-26 18:30:00,292.978,80.0,372.978,1
2013-03-05 18:00:00,292.846,80.0,372.846,1
2013-04-14 20:00:00,292.8,80.0,372.8,1
2013-12-15 21:30:00,292.793,80.0,372.793,1
2013-11-21 17:30:00,372.766,0.0,372.766,1
2013-10-20 18:30:00,292.732,80.0,372.732,1
2013-10-16 20:30:00,292.703,80.0,372.703,1
2013-10-05 18:30:00,292.503,80.0,372.503,1
2013-04-13 19:30:00,292.297,80.0,372.297,1
2013-05-12 19:00:00,292.165,80.0,372.165,1
2013-04-11 21:00:00,292.154,80.0,372.154,1
2013-04-12 18:00:00,292.142,80.0,372.142,1
2013-12-28 21:30:00,292.131,80.0,372.131,1
2013-01-22 17:00:00,372.124,0.0,372.124,1
2013-11-02 20:30:00,292.082,80.0,372.082,1
2013-04-06 20:30:00,291.95,80.0,371.95,1
2013-03-29 18:00:00,291.839,80.0,371.839,1
2013-09-16 19:30:00,291.805,80.0,371.805,1
2014-02-08 21:30:00,291.683,80.0,371.683,1
2013-01-13 16:30:00,371.609,0.0,371.609,1
2013-09-19 19:30:00,291.594,80.0,371.594,1
2013-09-19 18:30:00,291.388,80.0,371.388,1
2013-03-16 21:30:00,291.223,80.0,371.223,1
2013-02-03 17:00:00,371.138,0.0,371.138,1
2013-03-24 17:30:00,371.08,0.0,371.08,1
2013-09-30 19:30:00,290.867,80.0,370.867,1
2014-02-19 21:30:00,290.714,80.0,370.714,1
2013-09-23 18:30:00,290.692,80.0,370.692,1
2013-04-28 19:00:00,290.682,80.0,370.682,1
2013-10-23 20:00:00,290.553,80.0,370.553,1
2013-03-28 18:00:00,290.464,80.0,370.464,1
2013-10-02 19:30:00,290.375,80.0,370.375,1
2013-10-28 21:00:00,290.344,80.0,370.344,1
2013-05-12 19:30:00,290.3,80.0,370.3,1
2013-02-10 17:00:00,370.212,0.0,370.212,1
2013-10-03 18:00:00,290.082,80.0,370.082,1
2013-05-29 18:00:00,290.039,80.0,370.039,1
2013-10-15 20:30:00,290.02,80.0,370.02,1
2013-10-30 21:30:00,289.884,80.0,369.884,1
2013-12-07 21:00:00,289.859,80.0,369.859,1
2013-10-12 19:00:00,289.851,80.0,369.851,1
2013-10-24 19:30:00,289.845,80.0,369.845,1
2014-02-20 21:30:00,289.823,80.0,369.823,1
2013-10-02 18:00:00,289.815,80.0,369.815,1
2013-11-27 21:30:00,289.769,80.0,369.769,1
2013-03-11 22:00:00,369.743,0.0,369.743,1
2013-05-29 20:30:00,289.676,80.0,369.676,1
2013-11-16 21:30:00,289.656,80.0,369.656,1
2013-04-28 20:00:00,289.568,80.0,369.568,1
2013-01-04 17:30:00,369.507,0.0,369.507,1
2013-09-25 19:00:00,289.457,80.0,369.457,1
2013-05-14 19:00:00,289.345,80.0,369.345,1
2013-09-27 19:00:00,289.34,80.0,369.34,1
2013-05-12 18:30:00,289.321,80.0,369.321,1
2013-04-06 19:00:00,289.229,80.0,369.229,1
2013-04-16 20:00:00,288.945,80.0,368.945,1
2014-02-21 21:30:00,288.812,80.0,368.812,1
2013-11-06 21:30:00,288.808,80.0,368.808,1
2013-03-29 21:30:00,288.795,80.0,368.795,1
2013-11-04 21:30:00,288.732,80.0,368.732,1
2013-10-21 20:00:00,288.632,80.0,368.632,1
2013-09-10 18:00:00,288.558,80.0,368.558,1
2013-05-29 20:00:00,288.468,80.0,368.468,1
2013-02-23 17:30:00,368.453,0.0,368.453,1
2013-04-11 21:30:00,288.323,80.0,368.323,1
2013-09-18 19:30:00,288.306,80.0,368.306,1
2013-10-31 20:00:00,287.965,80.0,367.965,1
2013-02-05 22:00:00,367.936,0.0,367.936,1
2013-09-17 20:00:00,287.921,80.0,367.921,1
2013-01-20 11:00:00,367.859,0.0,367.859,1
2013-11-09 21:00:00,287.822,80.0,367.822,1
2013-12-24 17:30:00,367.646,0.0,367.646,1
2013-01-20 11:30:00,367.643,0.0,367.643,1
2013-09-25 19:30:00,287.578,80.0,367.578,1
2013-10-03 19:30:00,287.565,80.0,367.565,1
2013-04-14 20:30:00,287.527,80.0,367.527,1
2013-10-10 19:30:00,287.519,80.0,367.519,1
2013-04-07 18:00:00,287.517,80.0,367.517,1
2013-01-19 10:30:00,367.338,0.0,367.338,1
2013-12-25 20:30:00,287.233,80.0,367.233,1
2013-04-13 20:00:00,287.168,80.0,367.168,1
2013-04-10 21:30:00,287.11,80.0,367.11,1
2013-01-27 17:30:00,367.048,0.0,367.048,1
2014-01-04 17:30:00,367.038,0.0,367.038,1
2013-03-24 22:00:00,367.007,0.0,367.007,1
2013-10-29 21:30:00,287.006,80.0,367.006,1
2013-10-31 20:30:00,287.002,80.0,367.002,1
2013-10-20 19:00:00,286.964,80.0,366.964,1
2013-04-16 19:30:00,286.963,80.0,366.963,1
2013-09-29 18:00:00,286.923,80.0,366.923,1
2013-01-24 17:00:00,366.847,0.0,366.847,1
2013-10-17 19:00:00,286.795,80.0,366.795,1
2013-02-25 17:30:00,366.76,0.0,366.76,1
2013-04-15 19:30:00,286.751,80.0,366.751,1
2013-10-22 19:30:00,286.627,80.0,366.627,1
2013-04-15 20:00:00,286.551,80.0,366.551,1
2013-01-06 17:00:00,366.526,0.0,366.526,1
2013-10-13 20:00:00,286.376,80.0,366.376,1
2014-01-19 21:30:00,286.368,80.0,366.368,1
2013-05-14 18:00:00,286.357,80.0,366.357,1
2013-10-04 18:30:00,286.241,80.0,366.241,1
2013-09-11 18:30:00,286.111,80.0,366.111,1
2013-02-10 16:00:00,366.063,0.0,366.063,1
2013-04-13 19:00:00,285.898,80.0,365.898,1
2013-04-21 20:00:00,285.789,80.0,365.789,1
2013-10-14 20:30:00,285.51,80.0,365.51,1
2013-09-30 18:00:00,285.457,80.0,365.457,1
2014-01-01 17:30:00,365.418,0.0,365.418,1
2013-03-11 17:30:00,365.328,0.0,365.328,1
2013-09-14 19:00:00,285.2,80.0,365.2,1
2013-04-28 19:30:00,285.026,80.0,365.026,1
2013-12-25 21:00:00,284.993,80.0,364.993,1
2013-01-25 22:00:00,364.932,0.0,364.932,1
2013-10-27 20:30:00,284.913,80.0,364.913,1
2013-03-12 22:00:00,364.865,0.0,364.865,1
2013-03-25 22:00:00,364.844,0.0,364.844,1
2013-02-11 22:00:00,364.815,0.0,364.815,1
2013-02-12 17:30:00,364.762,0.0,364.762,1
2013-05-12 18:00:00,284.734,80.0,364.734,1
2013-04-18 20:00:00,284.724,80.0,364.724,1
2013-10-11 20:00:00,284.684,80.0,364.684,1
2013-01-22 22:00:00,364.677,0.0,364.677,1
2013-09-15 20:00:00,284.598,80.0,364.598,1
2013-10-10 20:00:00,284.415,80.0,364.415,1
2013-04-17 19:30:00,284.402,80.0,364.402,1
2013-09-18 19:00:00,284.382,80.0,364.382,1
2013-01-19 10:00:00,364.143,0.0,364.143,1
2013-09-16 20:00:00,284.061,80.0,364.061,1
2013-09-24 19:30:00,283.978,80.0,363.978,1
2013-04-18 20:30:00,283.976,80.0,363.976,1
2013-10-26 19:00:00,283.837,80.0,363.837,1
2014-01-19 21:00:00,283.827,80.0,363.827,1
2013-11-24 17:30:00,363.745,0.0,363.745,1
2013-04-15 20:30:00,283.714,80.0,363.714,1
2013-04-17 20:00:00,283.703,80.0,363.703,1
2013-12-25 21:30:00,283.514,80.0,363.514,1
2013-02-13 17:30:00,363.362,0.0,363.362,1
2013-02-10 16:30:00,363.325,0.0,363.325,1
2013-04-16 20:30:00,283.3,80.0,363.3,1
2013-09-29 19:00:00,283.258,80.0,363.258,1
2013-04-26 20:00:00,283.099,80.0,363.099,1
2013-05-29 21:00:00,283.028,80.0,363.028,1
2013-01-21 22:00:00,362.935,0.0,362.935,1
2013-12-15 17:00:00,362.935,0.0,362.935,1
2013-10-07 19:30:00,282.812,80.0,362.812,1
2013-09-10 20:30:00,282.535,80.0,362.535,1
2013-09-08 20:30:00,282.526,80.0,362.526,1
2013-04-11 18:00:00,282.485,80.0,362.485,1
2013-04-17 20:30:00,282.419,80.0,362.419,1
2013-12-23 17:30:00,362.399,0.0,362.399,1
2013-10-05 19:00:00,282.265,80.0,362.265,1
2013-05-12 20:00:00,282.263,80.0,362.263,1
2013-10-05 18:00:00,282.191,80.0,362.191,1
2013-11-08 21:30:00,282.185,80.0,362.185,1
2013-10-21 20:30:00,282.122,80.0,362.122,1
2013-10-02 20:00:00,282.121,80.0,362.121,1
2013-01-15 22:00:00,362.095,0.0,362.095,1
2013-04-26 20:30:00,282.042,80.0,362.042,1
2013-03-24 14:00:00,361.988,0.0,361.988,1
2013-01-23 22:00:00,361.878,0.0,361.878,1
2013-01-23 17:00:00,361.797,0.0,361.797,1
2013-04-29 20:30:00,281.797,80.0,361.797,1
2013-01-21 17:00:00,361.728,0.0,361.728,1
2013-09-24 19:00:00,281.727,80.0,361.727,1
2013-04-22 20:30:00,281.684,80.0,361.684,1
2013-04-30 20:30:00,281.672,80.0,361.672,1
2013-10-18 19:30:00,281.641,80.0,361.641,1
2013-11-09 21:30:00,281.583,80.0,361.583,1
2013-10-24 20:00:00,281.53,80.0,361.53,1
2013-03-24 13:30:00,361.508,0.0,361.508,1
2013-04-14 19:00:00,281.425,80.0,361.425,1
2013-04-19 20:00:00,281.401,80.0,361.401,1
2014-02-22 21:30:00,281.339,80.0,361.339,1
2013-10-19 19:00:00,281.25600000000003,80.0,361.25600000000003,1
2013-09-28 19:00:00,281.21,80.0,361.21,1
2013-09-09 19:30:00,281.158,80.0,361.158,1
2013-10-09 20:00:00,281.122,80.0,361.122,1
2013-09-26 19:00:00,281.116,80.0,361.116,1
2013-09-14 19:30:00,281.079,80.0,361.079,1
2013-11-01 20:30:00,281.077,80.0,361.077,1
2013-09-25 18:30:00,281.067,80.0,361.067,1
2013-04-14 21:00:00,280.939,80.0,360.939,1
2013-10-24 20:30:00,280.925,80.0,360.925,1
2014-02-24 21:30:00,280.871,80.0,360.871,1
2013-09-22 20:00:00,280.851,80.0,360.851,1
2013-04-13 18:30:00,280.479,80.0,360.479,1
2013-12-07 21:30:00,280.339,80.0,360.339,1
2013-04-06 21:00:00,280.311,80.0,360.311,1
2013-09-19 20:00:00,280.289,80.0,360.289,1
2013-04-21 19:30:00,280.283,80.0,360.283,1
2013-10-20 19:30:00,280.133,80.0,360.133,1
2013-04-22 19:00:00,280.11,80.0,360.11,1
2013-02-12 22:00:00,360.085,0.0,360.085,1
2013-10-04 19:00:00,279.948,80.0,359.948,1
2013-12-15 16:30:00,359.904,0.0,359.904,1
2013-04-22 19:30:00,279.841,80.0,359.841,1
2013-10-25 19:30:00,279.713,80.0,359.713,1
2013-11-02 21:00:00,279.703,80.0,359.703,1
2013-05-12 20:30:00,279.687,80.0,359.687,1
2013-04-28 18:30:00,279.656,80.0,359.656,1
2013-12-08 17:30:00,359.583,0.0,359.583,1
2013-03-13 22:00:00,359.46,0.0,359.46,1
2013-10-04 18:00:00,279.43,80.0,359.43,1
2013-05-17 19:00:00,279.399,80.0,359.399,1
2013-02-24 14:00:00,359.398,0.0,359.398,1
2013-01-11 17:30:00,359.358,0.0,359.358,1
2013-09-10 20:00:00,279.037,80.0,359.037,1
2013-01-24 22:00:00,358.922,0.0,358.922,1
2013-09-23 20:00:00,278.897,80.0,358.897,1
2013-05-14 20:00:00,278.862,80.0,358.862,1
2013-10-01 20:00:00,278.79200000000003,80.0,358.79200000000003,1
2013-04-08 18:00:00,278.784,80.0,358.784,1
2013-10-05 19:30:00,278.641,80.0,358.641,1
2013-09-17 20:30:00,278.572,80.0,358.572,1
2013-05-29 19:00:00,278.552,80.0,358.552,1
2013-10-10 20:30:00,278.396,80.0,358.396,1
2013-09-12 19:00:00,278.36,80.0,358.36,1
2013-09-24 18:30:00,278.336,80.0,358.336,1
2013-04-19 19:30:00,278.334,80.0,358.334,1
2013-02-09 17:00:00,358.296,0.0,358.296,1
2013-04-30 21:00:00,278.23,80.0,358.23,1
2013-04-05 21:30:00,278.196,80.0,358.196,1
2013-09-13 19:00:00,278.11,80.0,358.11,1
2013-12-19 17:30:00,358.073,0.0,358.073,1
2013-10-28 21:30:00,277.823,80.0,357.823,1
2013-09-26 18:30:00,277.804,80.0,357.804,1
2013-09-13 18:30:00,277.711,80.0,357.711,1
2013-09-18 20:00:00,277.705,80.0,357.705,1
2013-09-27 19:30:00,277.658,80.0,357.658,1
2013-04-28 20:30:00,277.64,80.0,357.64,1
2013-04-13 20:30:00,277.63,80.0,357.63,1
2013-09-09 18:30:00,277.601,80.0,357.601,1
2013-04-21 20:30:00,277.52,80.0,357.52,1
2013-04-21 18:30:00,277.496,80.0,357.496,1
2013-05-14 20:30:00,277.479,80.0,357.479,1
2013-10-07 20:00:00,277.392,80.0,357.392,1
2013-05-17 18:30:00,277.317,80.0,357.317,1
2014-01-18 17:30:00,357.29,0.0,357.29,1
2013-01-25 10:30:00,357.201,0.0,357.201,1
2013-10-17 19:30:00,277.071,80.0,357.071,1
2013-01-17 22:30:00,356.913,0.0,356.913,1
2013-01-16 22:30:00,356.897,0.0,356.897,1
2013-10-12 19:30:00,276.89300000000003,80.0,356.89300000000003,1
2014-01-12 17:00:00,356.851,0.0,356.851,1
2013-02-10 15:00:00,356.8,0.0,356.8,1
2013-02-24 13:30:00,356.769,0.0,356.769,1
2013-10-13 20:30:00,276.684,80.0,356.684,1
2013-09-29 19:30:00,276.648,80.0,356.648,1
2013-04-22 18:30:00,276.622,80.0,356.622,1
2013-09-10 19:30:00,276.467,80.0,356.467,1
2013-01-20 10:30:00,356.381,0.0,356.381,1
2013-09-24 20:00:00,276.209,80.0,356.209,1
2013-01-28 17:00:00,356.205,0.0,356.205,1
2013-02-10 13:30:00,356.12,0.0,356.12,1
2013-10-22 20:00:00,276.054,80.0,356.054,1
2014-01-04 17:00:00,356.022,0.0,356.022,1
2013-02-02 17:30:00,355.803,0.0,355.803,1
2013-03-24 13:00:00,355.743,0.0,355.743,1
2013-03-23 17:30:00,355.672,0.0,355.672,1
2013-05-14 21:00:00,275.598,80.0,355.598,1
2013-01-25 09:00:00,355.559,0.0,355.559,1
2013-09-28 19:30:00,275.45,80.0,355.45,1
2013-12-22 17:30:00,355.296,0.0,355.296,1
2013-10-16 21:00:00,275.277,80.0,355.277,1
2013-09-12 18:30:00,275.119,80.0,355.119,1
2013-09-30 20:00:00,275.022,80.0,355.022,1
2013-10-25 20:00:00,274.985,80.0,354.985,1
2013-02-03 16:30:00,354.93,0.0,354.93,1
2013-10-11 20:30:00,274.896,80.0,354.896,1
2013-01-14 22:00:00,354.861,0.0,354.861,1
2013-01-12 17:00:00,354.808,0.0,354.808,1
2013-04-12 21:00:00,274.786,80.0,354.786,1
2013-05-24 19:00:00,274.726,80.0,354.726,1
2013-04-22 18:00:00,274.714,80.0,354.714,1
2013-02-24 17:00:00,354.701,0.0,354.701,1
2013-04-21 18:00:00,274.642,80.0,354.642,1
2013-01-25 17:00:00,354.639,0.0,354.639,1
2013-01-18 16:30:00,354.581,0.0,354.581,1
2013-09-12 19:30:00,274.572,80.0,354.572,1
2013-09-25 18:00:00,274.455,80.0,354.455,1
2013-01-29 17:30:00,354.438,0.0,354.438,1
2013-02-24 13:00:00,354.436,0.0,354.436,1
2013-04-19 20:30:00,274.432,80.0,354.432,1
2013-09-22 18:00:00,274.43,80.0,354.43,1
2013-11-01 21:00:00,274.413,80.0,354.413,1
2013-04-15 21:00:00,274.319,80.0,354.319,1
2013-09-09 19:00:00,274.295,80.0,354.295,1
2013-02-10 15:30:00,354.234,0.0,354.234,1
